================================================================================
Network Debug Log Started
Log file key: 20260429-210226
APP: Forge v.2.0.13-SNAPSHOT-04.29
DEV: Motorola - moto g 5G - 2023
CPU: QTI SM4350
RAM: 3473 MB
OS: Android 14 (Upside Down Cake)
================================================================================
21:02:26.972 [DEBUG] NetworkLogConfig: Log cleanup: deleted 167 old log entries
21:02:26.985 [INFO ] FServerManager: Starting Multiplayer Server
21:02:37.689 [INFO ] Main: [heap] used=152MB free=5MB total=158MB max=384MB
21:02:42.535 [INFO ] FServerManager$RegisterClientHandler: Client connected to server at /172.56.165.72:18498
21:02:42.574 [INFO ] GameProtocolHandler: Connection exception: io.netty.handler.codec.TooLongFrameException
21:02:42.576 [INFO ] GameProtocolHandler: Message: Adjusted frame length exceeds 10000384: 369295620 - discarded
21:02:42.578 [INFO ] GameProtocolHandler:   at io.netty.handler.codec.LengthFieldBasedFrameDecoder.fail(LengthFieldBasedFrameDecoder.java:507)
21:02:42.579 [INFO ] GameProtocolHandler:   at io.netty.handler.codec.LengthFieldBasedFrameDecoder.failIfNecessary(LengthFieldBasedFrameDecoder.java:493)
21:02:42.579 [INFO ] GameProtocolHandler:   at io.netty.handler.codec.LengthFieldBasedFrameDecoder.exceededFrameLength(LengthFieldBasedFrameDecoder.java:377)
21:02:42.579 [INFO ] GameProtocolHandler:   at io.netty.handler.codec.LengthFieldBasedFrameDecoder.decode(LengthFieldBasedFrameDecoder.java:423)
21:02:42.580 [INFO ] GameProtocolHandler:   at forge.gamemodes.net.CompatibleObjectDecoder.decode(CompatibleObjectDecoder.java:33)
21:02:42.580 [INFO ] GameProtocolHandler:   at io.netty.handler.codec.LengthFieldBasedFrameDecoder.decode(LengthFieldBasedFrameDecoder.java:333)
21:02:42.580 [INFO ] GameProtocolHandler:   at io.netty.handler.codec.ByteToMessageDecoder.decodeRemovalReentryProtection(ByteToMessageDecoder.java:530)
21:02:42.581 [INFO ] GameProtocolHandler:   at io.netty.handler.codec.ByteToMessageDecoder.callDecode(ByteToMessageDecoder.java:469)
21:02:42.581 [INFO ] GameProtocolHandler:   at io.netty.handler.codec.ByteToMessageDecoder.channelRead(ByteToMessageDecoder.java:290)
21:02:42.581 [INFO ] GameProtocolHandler:   at io.netty.channel.AbstractChannelHandlerContext.invokeChannelRead(AbstractChannelHandlerContext.java:444)
21:02:42.584 [INFO ] FServerManager$DeregisterClientHandler: [Disconnect] Canceling pending replies for disconnected client
21:02:42.585 [INFO ] FServerManager$DeregisterClientHandler: [Disconnect] Client disconnected: index=-1, username=null
21:02:42.586 [INFO ] FServerManager$DeregisterClientHandler: [Disconnect] Unregistered peer disconnected from /172.56.165.72:18498
21:02:49.805 [INFO ] FServerManager$RegisterClientHandler: Client connected to server at /172.56.165.68:8013
21:02:49.846 [INFO ] GameProtocolHandler: Received: forge.gamemodes.net.event.LoginEvent@b24763d
21:02:51.616 [INFO ] NetworkGameEventListener: [GAME EVENT] Network game event listener initialized
21:02:51.736 [INFO ] GameProtocolHandler: Received: GuiGameEvent 0: setUiShouldSkipPhase (3 args)
21:02:51.777 [INFO ] GameProtocolHandler: Received: GuiGameEvent 1: setUiShouldSkipPhase (3 args)
21:02:51.780 [INFO ] GameProtocolHandler: Received: GuiGameEvent 2: setUiShouldSkipPhase (3 args)
21:02:51.783 [INFO ] GameProtocolHandler: Received: GuiGameEvent 3: setUiShouldSkipPhase (3 args)
21:02:52.275 [INFO ] RemoteClientGuiGame: Sending batch of 5: [GameEventZone, GameEventZone, GameEventZone, GameEventShuffle, GameEventZone]
21:02:52.309 [INFO ] CompatibleObjectEncoder: Encoded 22281 bytes (compressed) for GuiGameEvent
21:02:52.346 [INFO ] RemoteClientGuiGame: Sending batch of 3: [GameEventZone, GameEventShuffle, GameEventFlipCoin]
21:02:52.347 [TRACE] InputSyncronizedBase: awaitLatchRelease() starting on InputConfirm, thread = Game-0
21:02:52.367 [INFO ] CompatibleObjectEncoder: Encoded 23203 bytes (compressed) for GuiGameEvent
21:02:52.619 [INFO ] CompatibleObjectEncoder: Encoded 23200 bytes (compressed) for GuiGameEvent
21:02:52.814 [INFO ] FServerManager$RegisterClientHandler: Client connected to server at /172.56.165.68:4743
21:02:52.824 [INFO ] GameProtocolHandler: Connection exception: io.netty.handler.codec.TooLongFrameException
21:02:52.825 [INFO ] GameProtocolHandler: Message: Adjusted frame length exceeds 10000384: 369295620 - discarded
21:02:52.826 [INFO ] GameProtocolHandler:   at io.netty.handler.codec.LengthFieldBasedFrameDecoder.fail(LengthFieldBasedFrameDecoder.java:507)
21:02:52.827 [INFO ] GameProtocolHandler:   at io.netty.handler.codec.LengthFieldBasedFrameDecoder.failIfNecessary(LengthFieldBasedFrameDecoder.java:493)
21:02:52.827 [INFO ] GameProtocolHandler:   at io.netty.handler.codec.LengthFieldBasedFrameDecoder.exceededFrameLength(LengthFieldBasedFrameDecoder.java:377)
21:02:52.828 [INFO ] GameProtocolHandler:   at io.netty.handler.codec.LengthFieldBasedFrameDecoder.decode(LengthFieldBasedFrameDecoder.java:423)
21:02:52.828 [INFO ] GameProtocolHandler:   at forge.gamemodes.net.CompatibleObjectDecoder.decode(CompatibleObjectDecoder.java:33)
21:02:52.828 [INFO ] GameProtocolHandler:   at io.netty.handler.codec.LengthFieldBasedFrameDecoder.decode(LengthFieldBasedFrameDecoder.java:333)
21:02:52.828 [INFO ] GameProtocolHandler:   at io.netty.handler.codec.ByteToMessageDecoder.decodeRemovalReentryProtection(ByteToMessageDecoder.java:530)
21:02:52.829 [INFO ] GameProtocolHandler:   at io.netty.handler.codec.ByteToMessageDecoder.callDecode(ByteToMessageDecoder.java:469)
21:02:52.829 [INFO ] GameProtocolHandler:   at io.netty.handler.codec.ByteToMessageDecoder.channelRead(ByteToMessageDecoder.java:290)
21:02:52.830 [INFO ] GameProtocolHandler:   at io.netty.channel.AbstractChannelHandlerContext.invokeChannelRead(AbstractChannelHandlerContext.java:444)
21:02:52.835 [INFO ] FServerManager$DeregisterClientHandler: [Disconnect] Canceling pending replies for disconnected client
21:02:52.836 [INFO ] FServerManager$DeregisterClientHandler: [Disconnect] Client disconnected: index=-1, username=null
21:02:52.836 [INFO ] FServerManager$DeregisterClientHandler: [Disconnect] Unregistered peer disconnected from /172.56.165.68:4743
21:02:53.261 [TRACE] InputSyncronizedBase: stop() called on InputConfirm, latch count before = 1
21:02:53.262 [TRACE] InputSyncronizedBase: stop() done, latch count after = 0
21:02:53.262 [TRACE] InputSyncronizedBase: awaitLatchRelease() UNBLOCKED on InputConfirm, thread = Game-0
21:02:53.264 [INFO ] RemoteClientGuiGame: Sending batch of 1: [GameEventGameStarted]
21:02:53.295 [INFO ] CompatibleObjectEncoder: Encoded 23200 bytes (compressed) for GuiGameEvent
21:02:53.780 [INFO ] RemoteClientGuiGame: Sending batch of 26: [GameEventZone, GameEventZone, GameEventCardStatsChanged, GameEventCardStatsChanged, GameEventCardChangeZone, GameEventZone, GameEventZone, GameEventCardStatsChanged, GameEventCardStatsChanged, GameEventCardChangeZone, GameEventZone, GameEventZone, GameEventCardStatsChanged, GameEventCardStatsChanged, GameEventCardChangeZone, GameEventZone, GameEventZone, GameEventCardStatsChanged, GameEventCardStatsChanged, GameEventCardChangeZone, GameEventZone, GameEventZone, GameEventCardStatsChanged, GameEventCardStatsChanged, GameEventCardChangeZone, GameEventZone]
21:02:53.797 [INFO ] CompatibleObjectEncoder: Encoded 23340 bytes (compressed) for GuiGameEvent
21:02:54.288 [INFO ] RemoteClientGuiGame: Sending batch of 34: [GameEventZone, GameEventCardStatsChanged, GameEventCardStatsChanged, GameEventCardChangeZone, GameEventZone, GameEventZone, GameEventCardStatsChanged, GameEventCardStatsChanged, GameEventCardChangeZone, GameEventZone, GameEventZone, GameEventCardStatsChanged, GameEventCardStatsChanged, GameEventCardChangeZone, GameEventZone, GameEventZone, GameEventCardStatsChanged, GameEventCardStatsChanged, GameEventCardChangeZone, GameEventZone, GameEventZone, GameEventCardStatsChanged, GameEventCardStatsChanged, GameEventCardChangeZone, GameEventZone, GameEventZone, GameEventCardStatsChanged, GameEventCardStatsChanged, GameEventCardChangeZone, GameEventZone, GameEventZone, GameEventCardStatsChanged, GameEventCardStatsChanged, GameEventCardChangeZone]
21:02:54.316 [INFO ] CompatibleObjectEncoder: Encoded 23265 bytes (compressed) for GuiGameEvent
21:02:54.461 [INFO ] RemoteClientGuiGame: Sending batch of 10: [GameEventZone, GameEventZone, GameEventCardStatsChanged, GameEventCardStatsChanged, GameEventCardChangeZone, GameEventZone, GameEventZone, GameEventCardStatsChanged, GameEventCardStatsChanged, GameEventCardChangeZone]
21:02:54.464 [TRACE] InputSyncronizedBase: awaitLatchRelease() starting on InputConfirmMulligan, thread = Game-0
21:02:54.486 [INFO ] CompatibleObjectEncoder: Encoded 23267 bytes (compressed) for GuiGameEvent
21:02:57.505 [TRACE] InputSyncronizedBase: stop() called on InputConfirmMulligan, latch count before = 1
21:02:57.506 [TRACE] InputSyncronizedBase: stop() done, latch count after = 0
21:02:57.506 [TRACE] InputSyncronizedBase: awaitLatchRelease() UNBLOCKED on InputConfirmMulligan, thread = Game-0
21:02:57.507 [TRACE] InputSyncronizedBase: awaitLatchRelease() starting on InputConfirmMulligan, thread = Game-0
21:02:57.564 [INFO ] CompatibleObjectEncoder: Encoded 23267 bytes (compressed) for GuiGameEvent
21:03:02.640 [INFO ] GameProtocolHandler: Received: GuiGameEvent 4: selectButtonCancel (0 args)
21:03:02.642 [TRACE] InputSyncronizedBase: stop() called on InputConfirmMulligan, latch count before = 1
21:03:02.643 [TRACE] InputSyncronizedBase: stop() done, latch count after = 0
21:03:02.643 [TRACE] InputSyncronizedBase: awaitLatchRelease() UNBLOCKED on InputConfirmMulligan, thread = Game-0
21:03:02.669 [INFO ] RemoteClientGuiGame: Sending batch of 1: [GameEventZone]
21:03:02.681 [INFO ] CompatibleObjectEncoder: Encoded 23213 bytes (compressed) for GuiGameEvent
21:03:02.903 [INFO ] RemoteClientGuiGame: Sending batch of 14: [GameEventZone, GameEventCardStatsChanged, GameEventCardStatsChanged, GameEventCardChangeZone, GameEventZone, GameEventZone, GameEventCardStatsChanged, GameEventCardStatsChanged, GameEventCardChangeZone, GameEventZone, GameEventZone, GameEventCardStatsChanged, GameEventCardStatsChanged, GameEventCardChangeZone]
21:03:02.913 [INFO ] CompatibleObjectEncoder: Encoded 23300 bytes (compressed) for GuiGameEvent
21:03:03.421 [INFO ] RemoteClientGuiGame: Sending batch of 37: [GameEventZone, GameEventZone, GameEventCardStatsChanged, GameEventCardStatsChanged, GameEventCardChangeZone, GameEventZone, GameEventZone, GameEventCardStatsChanged, GameEventCardStatsChanged, GameEventCardChangeZone, GameEventZone, GameEventZone, GameEventCardStatsChanged, GameEventCardStatsChanged, GameEventCardChangeZone, GameEventZone, GameEventZone, GameEventCardStatsChanged, GameEventCardStatsChanged, GameEventCardChangeZone, GameEventZone, GameEventShuffle, GameEventZone, GameEventZone, GameEventCardStatsChanged, GameEventCardStatsChanged, GameEventCardChangeZone, GameEventZone, GameEventZone, GameEventCardStatsChanged, GameEventCardStatsChanged, GameEventCardChangeZone, GameEventZone, GameEventZone, GameEventCardStatsChanged, GameEventCardStatsChanged, GameEventCardChangeZone]
21:03:03.447 [INFO ] CompatibleObjectEncoder: Encoded 23349 bytes (compressed) for GuiGameEvent
21:03:03.643 [INFO ] RemoteClientGuiGame: Sending batch of 20: [GameEventZone, GameEventZone, GameEventCardStatsChanged, GameEventCardStatsChanged, GameEventCardChangeZone, GameEventZone, GameEventZone, GameEventCardStatsChanged, GameEventCardStatsChanged, GameEventCardChangeZone, GameEventZone, GameEventZone, GameEventCardStatsChanged, GameEventCardStatsChanged, GameEventCardChangeZone, GameEventZone, GameEventZone, GameEventCardStatsChanged, GameEventCardStatsChanged, GameEventCardChangeZone]
21:03:03.645 [TRACE] InputSyncronizedBase: awaitLatchRelease() starting on InputLondonMulligan, thread = Game-0
21:03:03.655 [INFO ] CompatibleObjectEncoder: Encoded 23310 bytes (compressed) for GuiGameEvent
21:03:03.664 [INFO ] CompatibleObjectEncoder: Encoded 23335 bytes (compressed) for GuiGameEvent
21:03:05.329 [WARN ] Main: [lifecycle] onLowMemory
21:03:07.327 [INFO ] GameProtocolHandler: Received: GuiGameEvent 5: selectCard (3 args)
21:03:07.338 [INFO ] CompatibleObjectEncoder: Encoded 23335 bytes (compressed) for GuiGameEvent
21:03:07.701 [INFO ] Main: [heap] used=151MB free=14MB total=166MB max=384MB
21:03:07.940 [INFO ] GameProtocolHandler: Received: GuiGameEvent 6: selectButtonOk (0 args)
21:03:07.942 [TRACE] InputSyncronizedBase: stop() called on InputLondonMulligan, latch count before = 1
21:03:07.943 [TRACE] InputSyncronizedBase: stop() done, latch count after = 0
21:03:07.944 [TRACE] InputSyncronizedBase: awaitLatchRelease() UNBLOCKED on InputLondonMulligan, thread = Game-0
21:03:07.956 [INFO ] RemoteClientGuiGame: Sending batch of 1: [GameEventZone]
21:03:07.963 [INFO ] CompatibleObjectEncoder: Encoded 23420 bytes (compressed) for GuiGameEvent
21:03:08.003 [INFO ] RemoteClientGuiGame: Sending batch of 5: [GameEventZone, GameEventCardStatsChanged, GameEventCardStatsChanged, GameEventCardChangeZone, GameEventMulligan]
21:03:08.007 [TRACE] InputSyncronizedBase: awaitLatchRelease() starting on InputConfirmMulligan, thread = Game-0
21:03:08.013 [INFO ] CompatibleObjectEncoder: Encoded 23420 bytes (compressed) for GuiGameEvent
21:03:08.027 [INFO ] CompatibleObjectEncoder: Encoded 23420 bytes (compressed) for GuiGameEvent
21:03:10.808 [INFO ] GameProtocolHandler: Received: GuiGameEvent 7: selectButtonOk (0 args)
21:03:10.809 [TRACE] InputSyncronizedBase: stop() called on InputConfirmMulligan, latch count before = 1
21:03:10.810 [TRACE] InputSyncronizedBase: awaitLatchRelease() UNBLOCKED on InputConfirmMulligan, thread = Game-0
21:03:10.811 [INFO ] RemoteClientGuiGame: Sending batch of 1: [GameEventAddLog]
21:03:10.817 [TRACE] InputSyncronizedBase: stop() done, latch count after = 0
21:03:10.824 [INFO ] CompatibleObjectEncoder: Encoded 23420 bytes (compressed) for GuiGameEvent
21:03:10.826 [INFO ] NetworkGameEventListener: [GAME EVENT] Turn 1 began - Human's turn
21:03:10.834 [INFO ] NetworkGameEventListener: [GAME EVENT] Human's turn, Untap step phase
21:03:10.846 [INFO ] NetworkGameEventListener: [GAME EVENT] Human's turn, Upkeep step phase
21:03:10.862 [TRACE] PlayerControllerHuman: ENTRY for player Human, phase=UPKEEP, isGameOver=false
21:03:10.863 [TRACE] PlayerControllerHuman: Returning null (skipPhase) for player Human
21:03:10.873 [TRACE] PlayerControllerHuman: ENTRY for player 2nd Human, phase=UPKEEP, isGameOver=false
21:03:10.873 [TRACE] PlayerControllerHuman: Creating InputPassPriority for player 2nd Human
21:03:10.874 [INFO ] RemoteClientGuiGame: Sending batch of 14: [GameEventAddLog, GameEventCardStatsChanged, GameEventTurnBegan, GameEventTurnPhase, GameEventCardStatsChanged, GameEventTurnPhase, GameEventPlayerPriority, GameEventCardStatsChanged, GameEventZone, GameEventZone, GameEventPlayerPriority, GameEventCardStatsChanged, GameEventZone, GameEventZone]
21:03:10.877 [TRACE] InputSyncronizedBase: awaitLatchRelease() starting on InputPassPriority, thread = Game-0
21:03:10.885 [INFO ] CompatibleObjectEncoder: Encoded 23515 bytes (compressed) for GuiGameEvent
21:03:10.894 [INFO ] CompatibleObjectEncoder: Encoded 23515 bytes (compressed) for GuiGameEvent
21:03:13.181 [INFO ] FServerManager$RegisterClientHandler: Client connected to server at /172.56.165.68:38862
21:03:13.190 [INFO ] GameProtocolHandler: Connection exception: io.netty.handler.codec.TooLongFrameException
21:03:13.192 [INFO ] GameProtocolHandler: Message: Adjusted frame length exceeds 10000384: 369295620 - discarded
21:03:13.193 [INFO ] GameProtocolHandler:   at io.netty.handler.codec.LengthFieldBasedFrameDecoder.fail(LengthFieldBasedFrameDecoder.java:507)
21:03:13.193 [INFO ] GameProtocolHandler:   at io.netty.handler.codec.LengthFieldBasedFrameDecoder.failIfNecessary(LengthFieldBasedFrameDecoder.java:493)
21:03:13.194 [INFO ] GameProtocolHandler:   at io.netty.handler.codec.LengthFieldBasedFrameDecoder.exceededFrameLength(LengthFieldBasedFrameDecoder.java:377)
21:03:13.194 [INFO ] GameProtocolHandler:   at io.netty.handler.codec.LengthFieldBasedFrameDecoder.decode(LengthFieldBasedFrameDecoder.java:423)
21:03:13.194 [INFO ] GameProtocolHandler:   at forge.gamemodes.net.CompatibleObjectDecoder.decode(CompatibleObjectDecoder.java:33)
21:03:13.195 [INFO ] GameProtocolHandler:   at io.netty.handler.codec.LengthFieldBasedFrameDecoder.decode(LengthFieldBasedFrameDecoder.java:333)
21:03:13.195 [INFO ] GameProtocolHandler:   at io.netty.handler.codec.ByteToMessageDecoder.decodeRemovalReentryProtection(ByteToMessageDecoder.java:530)
21:03:13.195 [INFO ] GameProtocolHandler:   at io.netty.handler.codec.ByteToMessageDecoder.callDecode(ByteToMessageDecoder.java:469)
21:03:13.196 [INFO ] GameProtocolHandler:   at io.netty.handler.codec.ByteToMessageDecoder.channelRead(ByteToMessageDecoder.java:290)
21:03:13.196 [INFO ] GameProtocolHandler:   at io.netty.channel.AbstractChannelHandlerContext.invokeChannelRead(AbstractChannelHandlerContext.java:444)
21:03:13.199 [INFO ] FServerManager$DeregisterClientHandler: [Disconnect] Canceling pending replies for disconnected client
21:03:13.199 [INFO ] FServerManager$DeregisterClientHandler: [Disconnect] Client disconnected: index=-1, username=null
21:03:13.200 [INFO ] FServerManager$DeregisterClientHandler: [Disconnect] Unregistered peer disconnected from /172.56.165.68:38862
21:03:16.952 [INFO ] GameProtocolHandler: Received: GuiGameEvent 8: selectButtonCancel (0 args)
21:03:16.958 [TRACE] InputSyncronizedBase: stop() called on InputPassPriority, latch count before = 1
21:03:16.959 [TRACE] InputSyncronizedBase: awaitLatchRelease() UNBLOCKED on InputPassPriority, thread = Game-0
21:03:16.959 [TRACE] PlayerControllerHuman: InputPassPriority returned for player 2nd Human, chosenSa=null
21:03:16.960 [TRACE] InputSyncronizedBase: stop() done, latch count after = 0
21:03:16.963 [INFO ] CompatibleObjectEncoder: Encoded 23513 bytes (compressed) for GuiGameEvent
21:03:16.964 [INFO ] NetworkGameEventListener: [GAME EVENT] Human's turn, Draw step phase
21:03:16.965 [INFO ] RemoteClientGuiGame: Sending batch of 1: [GameEventTurnPhase]
21:03:16.972 [INFO ] NetworkGameEventListener: [GAME EVENT] Human's turn, Main phase, precombat phase
21:03:16.975 [INFO ] CompatibleObjectEncoder: Encoded 23521 bytes (compressed) for GuiGameEvent
21:03:16.985 [TRACE] PlayerControllerHuman: ENTRY for player Human, phase=MAIN1, isGameOver=false
21:03:16.986 [TRACE] PlayerControllerHuman: Creating InputPassPriority for player Human
21:03:16.986 [INFO ] RemoteClientGuiGame: Sending batch of 5: [GameEventTurnPhase, GameEventPlayerPriority, GameEventCardStatsChanged, GameEventZone, GameEventZone]
21:03:16.987 [TRACE] InputSyncronizedBase: awaitLatchRelease() starting on InputPassPriority, thread = Game-0
21:03:16.993 [INFO ] CompatibleObjectEncoder: Encoded 23503 bytes (compressed) for GuiGameEvent
21:03:18.320 [TRACE] InputSyncronizedBase: stop() called on InputPassPriority, latch count before = 1
21:03:18.321 [TRACE] InputSyncronizedBase: awaitLatchRelease() UNBLOCKED on InputPassPriority, thread = Game-0
21:03:18.321 [TRACE] PlayerControllerHuman: InputPassPriority returned for player Human, chosenSa=[Play land]
21:03:18.321 [TRACE] InputSyncronizedBase: stop() done, latch count after = 0
21:03:18.322 [INFO ] RemoteClientGuiGame: Sending batch of 1: [GameEventZone]
21:03:18.336 [INFO ] CompatibleObjectEncoder: Encoded 23503 bytes (compressed) for GuiGameEvent
21:03:18.404 [INFO ] NetworkGameEventListener: [GAME EVENT] Human played Ancient Tomb (48)
21:03:18.419 [TRACE] PlayerControllerHuman: ENTRY for player Human, phase=MAIN1, isGameOver=false
21:03:18.420 [TRACE] PlayerControllerHuman: Creating InputPassPriority for player Human
21:03:18.420 [INFO ] RemoteClientGuiGame: Sending batch of 16: [GameEventZone, GameEventZone, GameEventZone, GameEventZone, GameEventZone, GameEventCardStatsChanged, GameEventCardStatsChanged, GameEventCardChangeZone, GameEventLandPlayed, GameEventZone, GameEventZone, GameEventZone, GameEventZone, GameEventCardStatsChanged, GameEventZone, GameEventZone]
21:03:18.422 [TRACE] InputSyncronizedBase: awaitLatchRelease() starting on InputPassPriority, thread = Game-0
21:03:18.430 [INFO ] CompatibleObjectEncoder: Encoded 23513 bytes (compressed) for GuiGameEvent
21:03:19.897 [TRACE] InputSyncronizedBase: stop() called on InputPassPriority, latch count before = 1
21:03:19.898 [TRACE] InputSyncronizedBase: awaitLatchRelease() UNBLOCKED on InputPassPriority, thread = Game-0
21:03:19.898 [TRACE] InputSyncronizedBase: stop() done, latch count after = 0
21:03:19.898 [TRACE] PlayerControllerHuman: InputPassPriority returned for player Human, chosenSa=null
21:03:19.899 [INFO ] RemoteClientGuiGame: Sending batch of 1: [GameEventPlayerPriority]
21:03:19.919 [TRACE] PlayerControllerHuman: ENTRY for player 2nd Human, phase=MAIN1, isGameOver=false
21:03:19.924 [INFO ] CompatibleObjectEncoder: Encoded 23444 bytes (compressed) for GuiGameEvent
21:03:20.120 [TRACE] PlayerControllerHuman: Returning null (mayAutoPass) for player 2nd Human
21:03:20.134 [INFO ] NetworkGameEventListener: [GAME EVENT] Human's turn, Beginning of Combat Step phase
21:03:20.165 [TRACE] PlayerControllerHuman: ENTRY for player Human, phase=COMBAT_BEGIN, isGameOver=false
21:03:20.166 [TRACE] PlayerControllerHuman: Returning null (mayAutoPass) for player Human
21:03:20.179 [TRACE] PlayerControllerHuman: ENTRY for player 2nd Human, phase=COMBAT_BEGIN, isGameOver=false
21:03:20.380 [TRACE] PlayerControllerHuman: Returning null (mayAutoPass) for player 2nd Human
21:03:20.386 [INFO ] NetworkGameEventListener: [GAME EVENT] Human's turn, Declare Attackers Step phase
21:03:20.407 [INFO ] RemoteClientGuiGame: Sending batch of 14: [GameEventCardStatsChanged, GameEventZone, GameEventZone, GameEventTurnPhase, GameEventPlayerPriority, GameEventCardStatsChanged, GameEventZone, GameEventZone, GameEventPlayerPriority, GameEventCardStatsChanged, GameEventZone, GameEventZone, GameEventTurnPhase, GameEventAttackersDeclared]
21:03:20.448 [TRACE] PlayerControllerHuman: ENTRY for player Human, phase=COMBAT_DECLARE_ATTACKERS, isGameOver=false
21:03:20.650 [TRACE] PlayerControllerHuman: Returning null (mayAutoPass) for player Human
21:03:20.700 [TRACE] PlayerControllerHuman: ENTRY for player 2nd Human, phase=COMBAT_DECLARE_ATTACKERS, isGameOver=false
21:03:20.901 [TRACE] PlayerControllerHuman: Returning null (mayAutoPass) for player 2nd Human
21:03:20.910 [INFO ] NetworkGameEventListener: [GAME EVENT] Human's turn, Declare Blockers Step phase
21:03:20.911 [INFO ] RemoteClientGuiGame: Sending batch of 10: [GameEventCombatChanged, GameEventPlayerPriority, GameEventCardStatsChanged, GameEventZone, GameEventZone, GameEventPlayerPriority, GameEventCardStatsChanged, GameEventZone, GameEventZone, GameEventTurnPhase]
21:03:20.919 [INFO ] CompatibleObjectEncoder: Encoded 23713 bytes (compressed) for GuiGameEvent
21:03:20.921 [INFO ] NetworkGameEventListener: [GAME EVENT] Human's turn, First Strike Damage Step phase
21:03:20.929 [INFO ] NetworkGameEventListener: [GAME EVENT] Human's turn, Combat Damage Step phase
21:03:20.948 [INFO ] NetworkGameEventListener: [GAME EVENT] Human's turn, End of Combat Step phase
21:03:20.993 [TRACE] PlayerControllerHuman: ENTRY for player Human, phase=COMBAT_END, isGameOver=false
21:03:20.994 [TRACE] PlayerControllerHuman: Returning null (mayAutoPass) for player Human
21:03:21.011 [TRACE] PlayerControllerHuman: ENTRY for player 2nd Human, phase=COMBAT_END, isGameOver=false
21:03:21.212 [TRACE] PlayerControllerHuman: Returning null (mayAutoPass) for player 2nd Human
21:03:21.244 [INFO ] NetworkGameEventListener: [GAME EVENT] Human's turn, Main phase, postcombat phase
21:03:21.272 [TRACE] PlayerControllerHuman: ENTRY for player Human, phase=MAIN2, isGameOver=false
21:03:21.473 [TRACE] PlayerControllerHuman: Returning null (mayAutoPass) for player Human
21:03:21.475 [INFO ] RemoteClientGuiGame: Sending batch of 18: [GameEventTurnPhase, GameEventTurnPhase, GameEventTurnPhase, GameEventPlayerPriority, GameEventCardStatsChanged, GameEventZone, GameEventZone, GameEventPlayerPriority, GameEventCardStatsChanged, GameEventZone, GameEventZone, GameEventCombatEnded, GameEventTurnPhase, GameEventPlayerPriority, GameEventCardStatsChanged, GameEventZone, GameEventZone, GameEventPlayerPriority]
21:03:21.487 [INFO ] CompatibleObjectEncoder: Encoded 23438 bytes (compressed) for GuiGameEvent
21:03:21.528 [TRACE] PlayerControllerHuman: ENTRY for player 2nd Human, phase=MAIN2, isGameOver=false
21:03:21.729 [TRACE] PlayerControllerHuman: Returning null (mayAutoPass) for player 2nd Human
21:03:21.757 [INFO ] NetworkGameEventListener: [GAME EVENT] Human's turn, End step phase
21:03:21.782 [TRACE] PlayerControllerHuman: ENTRY for player Human, phase=END_OF_TURN, isGameOver=false
21:03:21.983 [TRACE] PlayerControllerHuman: Returning null (mayAutoPass) for player Human
21:03:21.985 [INFO ] RemoteClientGuiGame: Sending batch of 9: [GameEventCardStatsChanged, GameEventZone, GameEventZone, GameEventTurnPhase, GameEventPlayerPriority, GameEventCardStatsChanged, GameEventZone, GameEventZone, GameEventPlayerPriority]
21:03:21.996 [INFO ] CompatibleObjectEncoder: Encoded 23447 bytes (compressed) for GuiGameEvent
21:03:22.017 [TRACE] PlayerControllerHuman: ENTRY for player 2nd Human, phase=END_OF_TURN, isGameOver=false
21:03:22.218 [TRACE] PlayerControllerHuman: Returning null (mayAutoPass) for player 2nd Human
21:03:22.222 [INFO ] NetworkGameEventListener: [GAME EVENT] Human's turn, Cleanup step phase
21:03:22.228 [INFO ] RemoteClientGuiGame: Sending batch of 4: [GameEventCardStatsChanged, GameEventZone, GameEventZone, GameEventTurnPhase]
21:03:22.235 [INFO ] CompatibleObjectEncoder: Encoded 23444 bytes (compressed) for GuiGameEvent
21:03:22.299 [INFO ] NetworkGameEventListener: [GAME EVENT] Turn 2 began - 2nd Human's turn
21:03:22.311 [INFO ] NetworkGameEventListener: [GAME EVENT] 2nd Human's turn, Untap step phase
21:03:22.322 [INFO ] NetworkGameEventListener: [GAME EVENT] 2nd Human's turn, Upkeep step phase
21:03:22.360 [TRACE] PlayerControllerHuman: ENTRY for player 2nd Human, phase=UPKEEP, isGameOver=false
21:03:22.360 [TRACE] PlayerControllerHuman: Creating InputPassPriority for player 2nd Human
21:03:22.361 [INFO ] RemoteClientGuiGame: Sending batch of 10: [GameEventCardStatsChanged, GameEventTurnEnded, GameEventTurnBegan, GameEventTurnPhase, GameEventCardStatsChanged, GameEventTurnPhase, GameEventPlayerPriority, GameEventCardStatsChanged, GameEventZone, GameEventZone]
21:03:22.363 [TRACE] InputSyncronizedBase: awaitLatchRelease() starting on InputPassPriority, thread = Game-0
21:03:22.374 [INFO ] CompatibleObjectEncoder: Encoded 23497 bytes (compressed) for GuiGameEvent
21:03:22.388 [INFO ] CompatibleObjectEncoder: Encoded 23497 bytes (compressed) for GuiGameEvent
21:03:30.180 [INFO ] GameProtocolHandler: Received: GuiGameEvent 9: selectButtonOk (0 args)
21:03:30.197 [TRACE] InputSyncronizedBase: stop() called on InputPassPriority, latch count before = 1
21:03:30.197 [TRACE] InputSyncronizedBase: awaitLatchRelease() UNBLOCKED on InputPassPriority, thread = Game-0
21:03:30.198 [TRACE] PlayerControllerHuman: InputPassPriority returned for player 2nd Human, chosenSa=null
21:03:30.198 [INFO ] RemoteClientGuiGame: Sending batch of 1: [GameEventPlayerPriority]
21:03:30.205 [INFO ] CompatibleObjectEncoder: Encoded 23529 bytes (compressed) for GuiGameEvent
21:03:30.209 [TRACE] InputSyncronizedBase: stop() done, latch count after = 0
21:03:30.231 [TRACE] PlayerControllerHuman: ENTRY for player Human, phase=UPKEEP, isGameOver=false
21:03:30.231 [TRACE] PlayerControllerHuman: Returning null (skipPhase) for player Human
21:03:30.235 [INFO ] NetworkGameEventListener: [GAME EVENT] 2nd Human's turn, Draw step phase
21:03:30.482 [INFO ] RemoteClientGuiGame: Sending batch of 10: [GameEventCardStatsChanged, GameEventZone, GameEventZone, GameEventTurnPhase, GameEventZone, GameEventZone, GameEventCardStatsChanged, GameEventCardStatsChanged, GameEventCardChangeZone, GameEventPlayerPriority]
21:03:30.486 [INFO ] RemoteClientGuiGame: Sending batch of 2: [GameEventCardStatsChanged, GameEventZone]
21:03:30.486 [TRACE] PlayerControllerHuman: ENTRY for player 2nd Human, phase=DRAW, isGameOver=false
21:03:30.487 [TRACE] PlayerControllerHuman: Returning null (skipPhase) for player 2nd Human
21:03:30.487 [INFO ] RemoteClientGuiGame: Sending batch of 1: [GameEventZone]
21:03:30.489 [INFO ] RemoteClientGuiGame: Sending batch of 1: [GameEventPlayerPriority]
21:03:30.507 [INFO ] CompatibleObjectEncoder: Encoded 23723 bytes (compressed) for GuiGameEvent
21:03:30.523 [TRACE] PlayerControllerHuman: ENTRY for player Human, phase=DRAW, isGameOver=false
21:03:30.524 [TRACE] PlayerControllerHuman: Returning null (skipPhase) for player Human
21:03:30.537 [INFO ] NetworkGameEventListener: [GAME EVENT] 2nd Human's turn, Main phase, precombat phase
21:03:30.588 [TRACE] PlayerControllerHuman: ENTRY for player 2nd Human, phase=MAIN1, isGameOver=false
21:03:30.588 [TRACE] PlayerControllerHuman: Creating InputPassPriority for player 2nd Human
21:03:30.588 [INFO ] RemoteClientGuiGame: Sending batch of 8: [GameEventCardStatsChanged, GameEventZone, GameEventZone, GameEventTurnPhase, GameEventPlayerPriority, GameEventCardStatsChanged, GameEventZone, GameEventZone]
21:03:30.591 [TRACE] InputSyncronizedBase: awaitLatchRelease() starting on InputPassPriority, thread = Game-0
21:03:30.615 [INFO ] CompatibleObjectEncoder: Encoded 23678 bytes (compressed) for GuiGameEvent
21:03:30.633 [INFO ] CompatibleObjectEncoder: Encoded 23678 bytes (compressed) for GuiGameEvent
21:03:34.667 [INFO ] GameProtocolHandler: Received: GuiGameEvent 10: selectCard (3 args)
21:03:34.735 [INFO ] GameProtocolHandler: Received: Reply (104): Play land
21:03:34.745 [TRACE] InputSyncronizedBase: stop() called on InputPassPriority, latch count before = 1
21:03:34.746 [TRACE] InputSyncronizedBase: stop() done, latch count after = 0
21:03:34.746 [TRACE] InputSyncronizedBase: awaitLatchRelease() UNBLOCKED on InputPassPriority, thread = Game-0
21:03:34.746 [INFO ] GameProtocolHandler: Protocol selectCard processed in 76 ms (queued 2 ms)
21:03:34.746 [TRACE] PlayerControllerHuman: InputPassPriority returned for player 2nd Human, chosenSa=[Play land]
21:03:34.750 [INFO ] RemoteClientGuiGame: Sending batch of 1: [GameEventZone]
21:03:34.757 [INFO ] CompatibleObjectEncoder: Encoded 23678 bytes (compressed) for GuiGameEvent
21:03:34.825 [INFO ] NetworkGameEventListener: [GAME EVENT] 2nd Human played Tundra (134)
21:03:34.840 [TRACE] PlayerControllerHuman: ENTRY for player 2nd Human, phase=MAIN1, isGameOver=false
21:03:34.840 [TRACE] PlayerControllerHuman: Creating InputPassPriority for player 2nd Human
21:03:34.840 [INFO ] RemoteClientGuiGame: Sending batch of 16: [GameEventZone, GameEventZone, GameEventZone, GameEventZone, GameEventZone, GameEventCardStatsChanged, GameEventCardStatsChanged, GameEventCardChangeZone, GameEventLandPlayed, GameEventZone, GameEventZone, GameEventZone, GameEventZone, GameEventCardStatsChanged, GameEventZone, GameEventZone]
21:03:34.841 [TRACE] InputSyncronizedBase: awaitLatchRelease() starting on InputPassPriority, thread = Game-0
21:03:34.850 [INFO ] CompatibleObjectEncoder: Encoded 23442 bytes (compressed) for GuiGameEvent
21:03:34.881 [INFO ] CompatibleObjectEncoder: Encoded 23442 bytes (compressed) for GuiGameEvent
21:03:35.487 [INFO ] GameProtocolHandler: Received: GuiGameEvent 11: selectButtonCancel (0 args)
21:03:35.491 [TRACE] InputSyncronizedBase: stop() called on InputPassPriority, latch count before = 1
21:03:35.492 [TRACE] InputSyncronizedBase: stop() done, latch count after = 0
21:03:35.494 [TRACE] InputSyncronizedBase: awaitLatchRelease() UNBLOCKED on InputPassPriority, thread = Game-0
21:03:35.494 [TRACE] PlayerControllerHuman: InputPassPriority returned for player 2nd Human, chosenSa=null
21:03:35.495 [INFO ] RemoteClientGuiGame: Sending batch of 1: [GameEventPlayerPriority]
21:03:35.497 [INFO ] CompatibleObjectEncoder: Encoded 23442 bytes (compressed) for GuiGameEvent
21:03:35.505 [TRACE] PlayerControllerHuman: ENTRY for player Human, phase=MAIN1, isGameOver=false
21:03:35.505 [TRACE] PlayerControllerHuman: Returning null (skipPhase) for player Human
21:03:35.511 [INFO ] NetworkGameEventListener: [GAME EVENT] 2nd Human's turn, Beginning of Combat Step phase
21:03:35.531 [TRACE] PlayerControllerHuman: ENTRY for player 2nd Human, phase=COMBAT_BEGIN, isGameOver=false
21:03:35.733 [TRACE] PlayerControllerHuman: Returning null (mayAutoPass) for player 2nd Human
21:03:35.750 [TRACE] PlayerControllerHuman: ENTRY for player Human, phase=COMBAT_BEGIN, isGameOver=false
21:03:35.750 [TRACE] PlayerControllerHuman: Creating InputPassPriority for player Human
21:03:35.751 [INFO ] RemoteClientGuiGame: Sending batch of 12: [GameEventCardStatsChanged, GameEventZone, GameEventZone, GameEventTurnPhase, GameEventPlayerPriority, GameEventCardStatsChanged, GameEventZone, GameEventZone, GameEventPlayerPriority, GameEventCardStatsChanged, GameEventZone, GameEventZone]
21:03:35.752 [TRACE] InputSyncronizedBase: awaitLatchRelease() starting on InputPassPriority, thread = Game-0
21:03:35.758 [INFO ] CompatibleObjectEncoder: Encoded 23493 bytes (compressed) for GuiGameEvent
21:03:36.222 [TRACE] InputSyncronizedBase: stop() called on InputPassPriority, latch count before = 1
21:03:36.222 [TRACE] InputSyncronizedBase: stop() done, latch count after = 0
21:03:36.223 [TRACE] InputSyncronizedBase: awaitLatchRelease() UNBLOCKED on InputPassPriority, thread = Game-0
21:03:36.223 [TRACE] PlayerControllerHuman: InputPassPriority returned for player Human, chosenSa=null
21:03:36.227 [INFO ] NetworkGameEventListener: [GAME EVENT] 2nd Human's turn, Declare Attackers Step phase
21:03:36.247 [TRACE] PlayerControllerHuman: ENTRY for player 2nd Human, phase=COMBAT_DECLARE_ATTACKERS, isGameOver=false
21:03:36.448 [TRACE] PlayerControllerHuman: Returning null (mayAutoPass) for player 2nd Human
21:03:36.449 [INFO ] RemoteClientGuiGame: Sending batch of 8: [GameEventTurnPhase, GameEventAttackersDeclared, GameEventCombatChanged, GameEventPlayerPriority, GameEventCardStatsChanged, GameEventZone, GameEventZone, GameEventPlayerPriority]
21:03:36.466 [TRACE] PlayerControllerHuman: ENTRY for player Human, phase=COMBAT_DECLARE_ATTACKERS, isGameOver=false
21:03:36.467 [TRACE] PlayerControllerHuman: Creating InputPassPriority for player Human
21:03:36.468 [INFO ] RemoteClientGuiGame: Sending batch of 3: [GameEventCardStatsChanged, GameEventZone, GameEventZone]
21:03:36.470 [TRACE] InputSyncronizedBase: awaitLatchRelease() starting on InputPassPriority, thread = Game-0
21:03:36.470 [INFO ] CompatibleObjectEncoder: Encoded 23682 bytes (compressed) for GuiGameEvent
21:03:36.487 [INFO ] CompatibleObjectEncoder: Encoded 23682 bytes (compressed) for GuiGameEvent
21:03:37.106 [TRACE] InputSyncronizedBase: stop() called on InputPassPriority, latch count before = 1
21:03:37.106 [TRACE] InputSyncronizedBase: stop() done, latch count after = 0
21:03:37.107 [TRACE] InputSyncronizedBase: awaitLatchRelease() UNBLOCKED on InputPassPriority, thread = Game-0
21:03:37.107 [TRACE] PlayerControllerHuman: InputPassPriority returned for player Human, chosenSa=null
21:03:37.115 [INFO ] NetworkGameEventListener: [GAME EVENT] 2nd Human's turn, Declare Blockers Step phase
21:03:37.116 [INFO ] RemoteClientGuiGame: Sending batch of 1: [GameEventTurnPhase]
21:03:37.128 [INFO ] CompatibleObjectEncoder: Encoded 23685 bytes (compressed) for GuiGameEvent
21:03:37.132 [INFO ] NetworkGameEventListener: [GAME EVENT] 2nd Human's turn, First Strike Damage Step phase
21:03:37.150 [INFO ] NetworkGameEventListener: [GAME EVENT] 2nd Human's turn, Combat Damage Step phase
21:03:37.158 [INFO ] NetworkGameEventListener: [GAME EVENT] 2nd Human's turn, End of Combat Step phase
21:03:37.175 [TRACE] PlayerControllerHuman: ENTRY for player 2nd Human, phase=COMBAT_END, isGameOver=false
21:03:37.375 [TRACE] PlayerControllerHuman: Returning null (mayAutoPass) for player 2nd Human
21:03:37.385 [TRACE] PlayerControllerHuman: ENTRY for player Human, phase=COMBAT_END, isGameOver=false
21:03:37.385 [TRACE] PlayerControllerHuman: Returning null (skipPhase) for player Human
21:03:37.390 [INFO ] NetworkGameEventListener: [GAME EVENT] 2nd Human's turn, Main phase, postcombat phase
21:03:37.400 [TRACE] PlayerControllerHuman: ENTRY for player 2nd Human, phase=MAIN2, isGameOver=false
21:03:37.601 [TRACE] PlayerControllerHuman: Returning null (mayAutoPass) for player 2nd Human
21:03:37.613 [TRACE] PlayerControllerHuman: ENTRY for player Human, phase=MAIN2, isGameOver=false
21:03:37.613 [TRACE] PlayerControllerHuman: Returning null (skipPhase) for player Human
21:03:37.617 [INFO ] NetworkGameEventListener: [GAME EVENT] 2nd Human's turn, End step phase
21:03:37.617 [INFO ] RemoteClientGuiGame: Sending batch of 22: [GameEventTurnPhase, GameEventTurnPhase, GameEventTurnPhase, GameEventPlayerPriority, GameEventCardStatsChanged, GameEventZone, GameEventZone, GameEventPlayerPriority, GameEventCardStatsChanged, GameEventZone, GameEventZone, GameEventCombatEnded, GameEventTurnPhase, GameEventPlayerPriority, GameEventCardStatsChanged, GameEventZone, GameEventZone, GameEventPlayerPriority, GameEventCardStatsChanged, GameEventZone, GameEventZone, GameEventTurnPhase]
21:03:37.628 [TRACE] PlayerControllerHuman: ENTRY for player 2nd Human, phase=END_OF_TURN, isGameOver=false
21:03:37.708 [INFO ] Main: [heap] used=152MB free=13MB total=166MB max=384MB
21:03:37.828 [TRACE] PlayerControllerHuman: Returning null (mayAutoPass) for player 2nd Human
21:03:37.840 [TRACE] PlayerControllerHuman: ENTRY for player Human, phase=END_OF_TURN, isGameOver=false
21:03:37.840 [TRACE] PlayerControllerHuman: Creating InputPassPriority for player Human
21:03:37.840 [INFO ] RemoteClientGuiGame: Sending batch of 8: [GameEventPlayerPriority, GameEventCardStatsChanged, GameEventZone, GameEventZone, GameEventPlayerPriority, GameEventCardStatsChanged, GameEventZone, GameEventZone]
21:03:37.842 [TRACE] InputSyncronizedBase: awaitLatchRelease() starting on InputPassPriority, thread = Game-0
21:03:37.847 [INFO ] CompatibleObjectEncoder: Encoded 23490 bytes (compressed) for GuiGameEvent
21:03:38.300 [TRACE] InputSyncronizedBase: stop() called on InputPassPriority, latch count before = 1
21:03:38.300 [TRACE] InputSyncronizedBase: stop() done, latch count after = 0
21:03:38.300 [TRACE] InputSyncronizedBase: awaitLatchRelease() UNBLOCKED on InputPassPriority, thread = Game-0
21:03:38.301 [TRACE] PlayerControllerHuman: InputPassPriority returned for player Human, chosenSa=null
21:03:38.305 [INFO ] NetworkGameEventListener: [GAME EVENT] 2nd Human's turn, Cleanup step phase
21:03:38.306 [INFO ] RemoteClientGuiGame: Sending batch of 1: [GameEventTurnPhase]
21:03:38.317 [INFO ] CompatibleObjectEncoder: Encoded 23487 bytes (compressed) for GuiGameEvent
21:03:38.360 [INFO ] NetworkGameEventListener: [GAME EVENT] Turn 3 began - Human's turn
21:03:38.365 [INFO ] NetworkGameEventListener: [GAME EVENT] Human's turn, Untap step phase
21:03:38.373 [INFO ] NetworkGameEventListener: [GAME EVENT] Human's turn, Upkeep step phase
21:03:38.386 [TRACE] PlayerControllerHuman: ENTRY for player Human, phase=UPKEEP, isGameOver=false
21:03:38.386 [TRACE] PlayerControllerHuman: Returning null (skipPhase) for player Human
21:03:38.396 [TRACE] PlayerControllerHuman: ENTRY for player 2nd Human, phase=UPKEEP, isGameOver=false
21:03:38.396 [TRACE] PlayerControllerHuman: Creating InputPassPriority for player 2nd Human
21:03:38.397 [INFO ] RemoteClientGuiGame: Sending batch of 14: [GameEventCardStatsChanged, GameEventTurnEnded, GameEventTurnBegan, GameEventTurnPhase, GameEventCardStatsChanged, GameEventTurnPhase, GameEventPlayerPriority, GameEventCardStatsChanged, GameEventZone, GameEventZone, GameEventPlayerPriority, GameEventCardStatsChanged, GameEventZone, GameEventZone]
21:03:38.398 [TRACE] InputSyncronizedBase: awaitLatchRelease() starting on InputPassPriority, thread = Game-0
21:03:38.405 [INFO ] CompatibleObjectEncoder: Encoded 23540 bytes (compressed) for GuiGameEvent
21:03:38.422 [INFO ] CompatibleObjectEncoder: Encoded 23540 bytes (compressed) for GuiGameEvent
21:03:40.196 [INFO ] GameProtocolHandler: Received: GuiGameEvent 12: selectButtonOk (0 args)
21:03:40.197 [TRACE] InputSyncronizedBase: stop() called on InputPassPriority, latch count before = 1
21:03:40.198 [TRACE] InputSyncronizedBase: awaitLatchRelease() UNBLOCKED on InputPassPriority, thread = Game-0
21:03:40.198 [TRACE] InputSyncronizedBase: stop() done, latch count after = 0
21:03:40.199 [TRACE] PlayerControllerHuman: InputPassPriority returned for player 2nd Human, chosenSa=null
21:03:40.202 [INFO ] NetworkGameEventListener: [GAME EVENT] Human's turn, Draw step phase
21:03:40.203 [INFO ] RemoteClientGuiGame: Sending batch of 1: [GameEventTurnPhase]
21:03:40.215 [INFO ] CompatibleObjectEncoder: Encoded 23538 bytes (compressed) for GuiGameEvent
21:03:40.277 [TRACE] PlayerControllerHuman: ENTRY for player Human, phase=DRAW, isGameOver=false
21:03:40.277 [TRACE] PlayerControllerHuman: Returning null (skipPhase) for player Human
21:03:40.286 [TRACE] PlayerControllerHuman: ENTRY for player 2nd Human, phase=DRAW, isGameOver=false
21:03:40.286 [TRACE] PlayerControllerHuman: Returning null (skipPhase) for player 2nd Human
21:03:40.289 [INFO ] NetworkGameEventListener: [GAME EVENT] Human's turn, Main phase, precombat phase
21:03:40.299 [TRACE] PlayerControllerHuman: ENTRY for player Human, phase=MAIN1, isGameOver=false
21:03:40.299 [TRACE] PlayerControllerHuman: Creating InputPassPriority for player Human
21:03:40.299 [INFO ] RemoteClientGuiGame: Sending batch of 18: [GameEventZone, GameEventZone, GameEventCardStatsChanged, GameEventCardStatsChanged, GameEventCardChangeZone, GameEventPlayerPriority, GameEventCardStatsChanged, GameEventZone, GameEventZone, GameEventPlayerPriority, GameEventCardStatsChanged, GameEventZone, GameEventZone, GameEventTurnPhase, GameEventPlayerPriority, GameEventCardStatsChanged, GameEventZone, GameEventZone]
21:03:40.301 [TRACE] InputSyncronizedBase: awaitLatchRelease() starting on InputPassPriority, thread = Game-0
21:03:40.312 [INFO ] CompatibleObjectEncoder: Encoded 23525 bytes (compressed) for GuiGameEvent
21:03:40.466 [INFO ] CompatibleObjectEncoder: Encoded 23525 bytes (compressed) for GuiGameEvent
21:03:43.426 [INFO ] FServerManager$RegisterClientHandler: Client connected to server at /172.56.165.68:4966
21:03:43.433 [INFO ] GameProtocolHandler: Connection exception: io.netty.handler.codec.TooLongFrameException
21:03:43.434 [INFO ] GameProtocolHandler: Message: Adjusted frame length exceeds 10000384: 369295620 - discarded
21:03:43.434 [INFO ] GameProtocolHandler:   at io.netty.handler.codec.LengthFieldBasedFrameDecoder.fail(LengthFieldBasedFrameDecoder.java:507)
21:03:43.434 [INFO ] GameProtocolHandler:   at io.netty.handler.codec.LengthFieldBasedFrameDecoder.failIfNecessary(LengthFieldBasedFrameDecoder.java:493)
21:03:43.435 [INFO ] GameProtocolHandler:   at io.netty.handler.codec.LengthFieldBasedFrameDecoder.exceededFrameLength(LengthFieldBasedFrameDecoder.java:377)
21:03:43.435 [INFO ] GameProtocolHandler:   at io.netty.handler.codec.LengthFieldBasedFrameDecoder.decode(LengthFieldBasedFrameDecoder.java:423)
21:03:43.435 [INFO ] GameProtocolHandler:   at forge.gamemodes.net.CompatibleObjectDecoder.decode(CompatibleObjectDecoder.java:33)
21:03:43.435 [INFO ] GameProtocolHandler:   at io.netty.handler.codec.LengthFieldBasedFrameDecoder.decode(LengthFieldBasedFrameDecoder.java:333)
21:03:43.435 [INFO ] GameProtocolHandler:   at io.netty.handler.codec.ByteToMessageDecoder.decodeRemovalReentryProtection(ByteToMessageDecoder.java:530)
21:03:43.435 [INFO ] GameProtocolHandler:   at io.netty.handler.codec.ByteToMessageDecoder.callDecode(ByteToMessageDecoder.java:469)
21:03:43.436 [INFO ] GameProtocolHandler:   at io.netty.handler.codec.ByteToMessageDecoder.channelRead(ByteToMessageDecoder.java:290)
21:03:43.436 [INFO ] GameProtocolHandler:   at io.netty.channel.AbstractChannelHandlerContext.invokeChannelRead(AbstractChannelHandlerContext.java:444)
21:03:43.437 [INFO ] FServerManager$DeregisterClientHandler: [Disconnect] Canceling pending replies for disconnected client
21:03:43.437 [INFO ] FServerManager$DeregisterClientHandler: [Disconnect] Client disconnected: index=-1, username=null
21:03:43.437 [INFO ] FServerManager$DeregisterClientHandler: [Disconnect] Unregistered peer disconnected from /172.56.165.68:4966
21:03:57.130 [TRACE] InputSyncronizedBase: stop() called on InputPassPriority, latch count before = 1
21:03:57.131 [TRACE] InputSyncronizedBase: stop() done, latch count after = 0
21:03:57.131 [TRACE] InputSyncronizedBase: awaitLatchRelease() UNBLOCKED on InputPassPriority, thread = Game-0
21:03:57.131 [TRACE] PlayerControllerHuman: InputPassPriority returned for player Human, chosenSa=[Play land]
21:03:57.143 [INFO ] RemoteClientGuiGame: Sending batch of 1: [GameEventZone]
21:03:57.152 [INFO ] CompatibleObjectEncoder: Encoded 23612 bytes (compressed) for GuiGameEvent
21:04:03.431 [INFO ] RemoteClientGuiGame: Sending batch of 3: [GameEventZone, GameEventZone, GameEventZone]
21:04:03.452 [INFO ] CompatibleObjectEncoder: Encoded 23612 bytes (compressed) for GuiGameEvent
21:04:05.504 [INFO ] GameProtocolHandler: Received: Reply (152): true
21:04:05.510 [INFO ] RemoteClientGuiGame: Sending batch of 1: [GameEventAddLog]
21:04:05.519 [INFO ] CompatibleObjectEncoder: Encoded 23611 bytes (compressed) for GuiGameEvent
21:04:05.570 [INFO ] NetworkGameEventListener: [GAME EVENT] Human played Cavern of Souls (11)
21:04:05.594 [TRACE] PlayerControllerHuman: ENTRY for player Human, phase=MAIN1, isGameOver=false
21:04:05.599 [TRACE] PlayerControllerHuman: Creating InputPassPriority for player Human
21:04:05.604 [INFO ] RemoteClientGuiGame: Sending batch of 13: [GameEventZone, GameEventZone, GameEventCardStatsChanged, GameEventCardStatsChanged, GameEventCardChangeZone, GameEventLandPlayed, GameEventZone, GameEventZone, GameEventZone, GameEventZone, GameEventCardStatsChanged, GameEventZone, GameEventZone]
21:04:05.606 [TRACE] InputSyncronizedBase: awaitLatchRelease() starting on InputPassPriority, thread = Game-0
21:04:05.617 [INFO ] CompatibleObjectEncoder: Encoded 23585 bytes (compressed) for GuiGameEvent
21:04:07.715 [INFO ] Main: [heap] used=157MB free=8MB total=166MB max=384MB
21:04:08.909 [TRACE] InputSyncronizedBase: stop() called on InputPassPriority, latch count before = 1
21:04:08.909 [TRACE] InputSyncronizedBase: stop() done, latch count after = 0
21:04:08.909 [TRACE] InputSyncronizedBase: awaitLatchRelease() UNBLOCKED on InputPassPriority, thread = Game-0
21:04:08.910 [TRACE] PlayerControllerHuman: InputPassPriority returned for player Human, chosenSa=null
21:04:08.910 [INFO ] RemoteClientGuiGame: Sending batch of 1: [GameEventPlayerPriority]
21:04:08.921 [INFO ] CompatibleObjectEncoder: Encoded 23626 bytes (compressed) for GuiGameEvent
21:04:08.936 [TRACE] PlayerControllerHuman: ENTRY for player 2nd Human, phase=MAIN1, isGameOver=false
21:04:08.937 [TRACE] PlayerControllerHuman: Creating InputPassPriority for player 2nd Human
21:04:08.938 [INFO ] RemoteClientGuiGame: Sending batch of 3: [GameEventCardStatsChanged, GameEventZone, GameEventZone]
21:04:08.939 [TRACE] InputSyncronizedBase: awaitLatchRelease() starting on InputPassPriority, thread = Game-0
21:04:08.948 [INFO ] CompatibleObjectEncoder: Encoded 23626 bytes (compressed) for GuiGameEvent
21:04:08.957 [INFO ] CompatibleObjectEncoder: Encoded 23626 bytes (compressed) for GuiGameEvent
21:04:16.242 [INFO ] GameProtocolHandler: Received: GuiGameEvent 13: selectButtonCancel (0 args)
21:04:16.246 [TRACE] InputSyncronizedBase: stop() called on InputPassPriority, latch count before = 1
21:04:16.247 [TRACE] InputSyncronizedBase: stop() done, latch count after = 0
21:04:16.248 [TRACE] InputSyncronizedBase: awaitLatchRelease() UNBLOCKED on InputPassPriority, thread = Game-0
21:04:16.249 [TRACE] PlayerControllerHuman: InputPassPriority returned for player 2nd Human, chosenSa=null
21:04:16.253 [INFO ] NetworkGameEventListener: [GAME EVENT] Human's turn, Beginning of Combat Step phase
21:04:16.254 [INFO ] CompatibleObjectEncoder: Encoded 23633 bytes (compressed) for GuiGameEvent
21:04:16.255 [INFO ] RemoteClientGuiGame: Sending batch of 1: [GameEventTurnPhase]
21:04:16.267 [TRACE] PlayerControllerHuman: ENTRY for player Human, phase=COMBAT_BEGIN, isGameOver=false
21:04:16.267 [TRACE] PlayerControllerHuman: Returning null (mayAutoPass) for player Human
21:04:16.275 [TRACE] PlayerControllerHuman: ENTRY for player 2nd Human, phase=COMBAT_BEGIN, isGameOver=false
21:04:16.476 [TRACE] PlayerControllerHuman: Returning null (mayAutoPass) for player 2nd Human
21:04:16.480 [INFO ] NetworkGameEventListener: [GAME EVENT] Human's turn, Declare Attackers Step phase
21:04:16.503 [TRACE] PlayerControllerHuman: ENTRY for player Human, phase=COMBAT_DECLARE_ATTACKERS, isGameOver=false
21:04:16.703 [TRACE] PlayerControllerHuman: Returning null (mayAutoPass) for player Human
21:04:16.718 [TRACE] PlayerControllerHuman: ENTRY for player 2nd Human, phase=COMBAT_DECLARE_ATTACKERS, isGameOver=false
21:04:16.918 [TRACE] PlayerControllerHuman: Returning null (mayAutoPass) for player 2nd Human
21:04:16.924 [INFO ] NetworkGameEventListener: [GAME EVENT] Human's turn, Declare Blockers Step phase
21:04:16.925 [INFO ] RemoteClientGuiGame: Sending batch of 20: [GameEventPlayerPriority, GameEventCardStatsChanged, GameEventZone, GameEventZone, GameEventPlayerPriority, GameEventCardStatsChanged, GameEventZone, GameEventZone, GameEventTurnPhase, GameEventAttackersDeclared, GameEventCombatChanged, GameEventPlayerPriority, GameEventCardStatsChanged, GameEventZone, GameEventZone, GameEventPlayerPriority, GameEventCardStatsChanged, GameEventZone, GameEventZone, GameEventTurnPhase]
21:04:16.933 [INFO ] CompatibleObjectEncoder: Encoded 23754 bytes (compressed) for GuiGameEvent
21:04:16.935 [INFO ] NetworkGameEventListener: [GAME EVENT] Human's turn, First Strike Damage Step phase
21:04:16.939 [INFO ] NetworkGameEventListener: [GAME EVENT] Human's turn, Combat Damage Step phase
21:04:16.944 [INFO ] NetworkGameEventListener: [GAME EVENT] Human's turn, End of Combat Step phase
21:04:16.954 [TRACE] PlayerControllerHuman: ENTRY for player Human, phase=COMBAT_END, isGameOver=false
21:04:16.954 [TRACE] PlayerControllerHuman: Returning null (mayAutoPass) for player Human
21:04:16.962 [TRACE] PlayerControllerHuman: ENTRY for player 2nd Human, phase=COMBAT_END, isGameOver=false
21:04:17.162 [TRACE] PlayerControllerHuman: Returning null (mayAutoPass) for player 2nd Human
21:04:17.166 [INFO ] NetworkGameEventListener: [GAME EVENT] Human's turn, Main phase, postcombat phase
21:04:17.179 [TRACE] PlayerControllerHuman: ENTRY for player Human, phase=MAIN2, isGameOver=false
21:04:17.379 [TRACE] PlayerControllerHuman: Returning null (mayAutoPass) for player Human
21:04:17.392 [TRACE] PlayerControllerHuman: ENTRY for player 2nd Human, phase=MAIN2, isGameOver=false
21:04:17.592 [TRACE] PlayerControllerHuman: Returning null (mayAutoPass) for player 2nd Human
21:04:17.596 [INFO ] NetworkGameEventListener: [GAME EVENT] Human's turn, End step phase
21:04:17.596 [INFO ] RemoteClientGuiGame: Sending batch of 22: [GameEventTurnPhase, GameEventTurnPhase, GameEventTurnPhase, GameEventPlayerPriority, GameEventCardStatsChanged, GameEventZone, GameEventZone, GameEventPlayerPriority, GameEventCardStatsChanged, GameEventZone, GameEventZone, GameEventCombatEnded, GameEventTurnPhase, GameEventPlayerPriority, GameEventCardStatsChanged, GameEventZone, GameEventZone, GameEventPlayerPriority, GameEventCardStatsChanged, GameEventZone, GameEventZone, GameEventTurnPhase]
21:04:17.605 [INFO ] CompatibleObjectEncoder: Encoded 23591 bytes (compressed) for GuiGameEvent
21:04:17.608 [TRACE] PlayerControllerHuman: ENTRY for player Human, phase=END_OF_TURN, isGameOver=false
21:04:17.808 [TRACE] PlayerControllerHuman: Returning null (mayAutoPass) for player Human
21:04:17.827 [TRACE] PlayerControllerHuman: ENTRY for player 2nd Human, phase=END_OF_TURN, isGameOver=false
21:04:18.028 [TRACE] PlayerControllerHuman: Returning null (mayAutoPass) for player 2nd Human
21:04:18.032 [INFO ] NetworkGameEventListener: [GAME EVENT] Human's turn, Cleanup step phase
21:04:18.033 [INFO ] RemoteClientGuiGame: Sending batch of 9: [GameEventPlayerPriority, GameEventCardStatsChanged, GameEventZone, GameEventZone, GameEventPlayerPriority, GameEventCardStatsChanged, GameEventZone, GameEventZone, GameEventTurnPhase]
21:04:18.041 [INFO ] CompatibleObjectEncoder: Encoded 23628 bytes (compressed) for GuiGameEvent
21:04:18.084 [INFO ] NetworkGameEventListener: [GAME EVENT] Turn 4 began - 2nd Human's turn
21:04:18.087 [INFO ] NetworkGameEventListener: [GAME EVENT] 2nd Human's turn, Untap step phase
21:04:18.100 [INFO ] NetworkGameEventListener: [GAME EVENT] 2nd Human's turn, Upkeep step phase
21:04:18.111 [TRACE] PlayerControllerHuman: ENTRY for player 2nd Human, phase=UPKEEP, isGameOver=false
21:04:18.112 [TRACE] PlayerControllerHuman: Creating InputPassPriority for player 2nd Human
21:04:18.112 [INFO ] RemoteClientGuiGame: Sending batch of 10: [GameEventCardStatsChanged, GameEventTurnEnded, GameEventTurnBegan, GameEventTurnPhase, GameEventCardStatsChanged, GameEventTurnPhase, GameEventPlayerPriority, GameEventCardStatsChanged, GameEventZone, GameEventZone]
21:04:18.113 [TRACE] InputSyncronizedBase: awaitLatchRelease() starting on InputPassPriority, thread = Game-0
21:04:18.119 [INFO ] CompatibleObjectEncoder: Encoded 23844 bytes (compressed) for GuiGameEvent
21:04:18.128 [INFO ] CompatibleObjectEncoder: Encoded 23844 bytes (compressed) for GuiGameEvent
21:04:21.564 [INFO ] GameProtocolHandler: Received: GuiGameEvent 14: selectButtonOk (0 args)
21:04:21.567 [TRACE] InputSyncronizedBase: stop() called on InputPassPriority, latch count before = 1
21:04:21.568 [TRACE] InputSyncronizedBase: awaitLatchRelease() UNBLOCKED on InputPassPriority, thread = Game-0
21:04:21.568 [TRACE] PlayerControllerHuman: InputPassPriority returned for player 2nd Human, chosenSa=null
21:04:21.568 [TRACE] InputSyncronizedBase: stop() done, latch count after = 0
21:04:21.568 [INFO ] RemoteClientGuiGame: Sending batch of 1: [GameEventPlayerPriority]
21:04:21.579 [TRACE] PlayerControllerHuman: ENTRY for player Human, phase=UPKEEP, isGameOver=false
21:04:21.580 [TRACE] PlayerControllerHuman: Returning null (skipPhase) for player Human
21:04:21.584 [INFO ] NetworkGameEventListener: [GAME EVENT] 2nd Human's turn, Draw step phase
21:04:21.590 [INFO ] CompatibleObjectEncoder: Encoded 23806 bytes (compressed) for GuiGameEvent
21:04:21.677 [TRACE] PlayerControllerHuman: ENTRY for player 2nd Human, phase=DRAW, isGameOver=false
21:04:21.677 [TRACE] PlayerControllerHuman: Returning null (skipPhase) for player 2nd Human
21:04:21.691 [TRACE] PlayerControllerHuman: ENTRY for player Human, phase=DRAW, isGameOver=false
21:04:21.691 [TRACE] PlayerControllerHuman: Returning null (skipPhase) for player Human
21:04:21.696 [INFO ] NetworkGameEventListener: [GAME EVENT] 2nd Human's turn, Main phase, precombat phase
21:04:21.706 [TRACE] PlayerControllerHuman: ENTRY for player 2nd Human, phase=MAIN1, isGameOver=false
21:04:21.706 [TRACE] PlayerControllerHuman: Creating InputPassPriority for player 2nd Human
21:04:21.707 [INFO ] RemoteClientGuiGame: Sending batch of 22: [GameEventCardStatsChanged, GameEventZone, GameEventZone, GameEventTurnPhase, GameEventZone, GameEventZone, GameEventCardStatsChanged, GameEventCardStatsChanged, GameEventCardChangeZone, GameEventPlayerPriority, GameEventCardStatsChanged, GameEventZone, GameEventZone, GameEventPlayerPriority, GameEventCardStatsChanged, GameEventZone, GameEventZone, GameEventTurnPhase, GameEventPlayerPriority, GameEventCardStatsChanged, GameEventZone, GameEventZone]
21:04:21.708 [TRACE] InputSyncronizedBase: awaitLatchRelease() starting on InputPassPriority, thread = Game-0
21:04:21.714 [INFO ] CompatibleObjectEncoder: Encoded 23545 bytes (compressed) for GuiGameEvent
21:04:21.747 [INFO ] CompatibleObjectEncoder: Encoded 23545 bytes (compressed) for GuiGameEvent
21:04:24.944 [INFO ] GameProtocolHandler: Received: GuiGameEvent 15: selectCard (3 args)
21:04:25.005 [INFO ] GameProtocolHandler: Received: Reply (192): Play land
21:04:25.006 [TRACE] InputSyncronizedBase: stop() called on InputPassPriority, latch count before = 1
21:04:25.006 [TRACE] InputSyncronizedBase: stop() done, latch count after = 0
21:04:25.007 [INFO ] GameProtocolHandler: Protocol selectCard processed in 61 ms (queued 0 ms)
21:04:25.007 [TRACE] InputSyncronizedBase: awaitLatchRelease() UNBLOCKED on InputPassPriority, thread = Game-0
21:04:25.007 [TRACE] PlayerControllerHuman: InputPassPriority returned for player 2nd Human, chosenSa=[Play land]
21:04:25.015 [INFO ] RemoteClientGuiGame: Sending batch of 1: [GameEventZone]
21:04:25.022 [INFO ] CompatibleObjectEncoder: Encoded 23545 bytes (compressed) for GuiGameEvent
21:04:25.126 [INFO ] NetworkGameEventListener: [GAME EVENT] 2nd Human played Ipnu Rivulet (96)
21:04:25.146 [TRACE] PlayerControllerHuman: ENTRY for player 2nd Human, phase=MAIN1, isGameOver=false
21:04:25.147 [TRACE] PlayerControllerHuman: Creating InputPassPriority for player 2nd Human
21:04:25.147 [INFO ] RemoteClientGuiGame: Sending batch of 16: [GameEventZone, GameEventZone, GameEventZone, GameEventZone, GameEventZone, GameEventCardStatsChanged, GameEventCardStatsChanged, GameEventCardChangeZone, GameEventLandPlayed, GameEventZone, GameEventZone, GameEventZone, GameEventZone, GameEventCardStatsChanged, GameEventZone, GameEventZone]
21:04:25.148 [TRACE] InputSyncronizedBase: awaitLatchRelease() starting on InputPassPriority, thread = Game-0
21:04:25.155 [INFO ] CompatibleObjectEncoder: Encoded 23570 bytes (compressed) for GuiGameEvent
21:04:25.162 [INFO ] CompatibleObjectEncoder: Encoded 23570 bytes (compressed) for GuiGameEvent
21:04:27.711 [INFO ] GameProtocolHandler: Received: GuiGameEvent 16: selectButtonCancel (0 args)
21:04:27.714 [TRACE] InputSyncronizedBase: stop() called on InputPassPriority, latch count before = 1
21:04:27.715 [TRACE] InputSyncronizedBase: stop() done, latch count after = 0
21:04:27.715 [TRACE] InputSyncronizedBase: awaitLatchRelease() UNBLOCKED on InputPassPriority, thread = Game-0
21:04:27.716 [TRACE] PlayerControllerHuman: InputPassPriority returned for player 2nd Human, chosenSa=null
21:04:27.717 [INFO ] RemoteClientGuiGame: Sending batch of 1: [GameEventPlayerPriority]
21:04:27.720 [INFO ] CompatibleObjectEncoder: Encoded 23570 bytes (compressed) for GuiGameEvent
21:04:27.727 [INFO ] CompatibleObjectEncoder: Encoded 23598 bytes (compressed) for GuiGameEvent
21:04:27.731 [TRACE] PlayerControllerHuman: ENTRY for player Human, phase=MAIN1, isGameOver=false
21:04:27.731 [TRACE] PlayerControllerHuman: Returning null (skipPhase) for player Human
21:04:27.735 [INFO ] NetworkGameEventListener: [GAME EVENT] 2nd Human's turn, Beginning of Combat Step phase
21:04:27.745 [TRACE] PlayerControllerHuman: ENTRY for player 2nd Human, phase=COMBAT_BEGIN, isGameOver=false
21:04:27.945 [TRACE] PlayerControllerHuman: Returning null (mayAutoPass) for player 2nd Human
21:04:27.955 [TRACE] PlayerControllerHuman: ENTRY for player Human, phase=COMBAT_BEGIN, isGameOver=false
21:04:27.955 [TRACE] PlayerControllerHuman: Creating InputPassPriority for player Human
21:04:27.955 [INFO ] RemoteClientGuiGame: Sending batch of 12: [GameEventCardStatsChanged, GameEventZone, GameEventZone, GameEventTurnPhase, GameEventPlayerPriority, GameEventCardStatsChanged, GameEventZone, GameEventZone, GameEventPlayerPriority, GameEventCardStatsChanged, GameEventZone, GameEventZone]
21:04:27.956 [TRACE] InputSyncronizedBase: awaitLatchRelease() starting on InputPassPriority, thread = Game-0
21:04:27.962 [INFO ] CompatibleObjectEncoder: Encoded 23605 bytes (compressed) for GuiGameEvent
21:04:28.434 [TRACE] InputSyncronizedBase: stop() called on InputPassPriority, latch count before = 1
21:04:28.435 [TRACE] InputSyncronizedBase: stop() done, latch count after = 0
21:04:28.435 [TRACE] InputSyncronizedBase: awaitLatchRelease() UNBLOCKED on InputPassPriority, thread = Game-0
21:04:28.435 [TRACE] PlayerControllerHuman: InputPassPriority returned for player Human, chosenSa=null
21:04:28.439 [INFO ] NetworkGameEventListener: [GAME EVENT] 2nd Human's turn, Declare Attackers Step phase
21:04:28.459 [INFO ] RemoteClientGuiGame: Sending batch of 5: [GameEventTurnPhase, GameEventAttackersDeclared, GameEventCombatChanged, GameEventPlayerPriority, GameEventCardStatsChanged]
21:04:28.462 [TRACE] PlayerControllerHuman: ENTRY for player 2nd Human, phase=COMBAT_DECLARE_ATTACKERS, isGameOver=false
21:04:28.478 [INFO ] CompatibleObjectEncoder: Encoded 23872 bytes (compressed) for GuiGameEvent
21:04:28.664 [TRACE] PlayerControllerHuman: Returning null (mayAutoPass) for player 2nd Human
21:04:28.674 [TRACE] PlayerControllerHuman: ENTRY for player Human, phase=COMBAT_DECLARE_ATTACKERS, isGameOver=false
21:04:28.675 [TRACE] PlayerControllerHuman: Creating InputPassPriority for player Human
21:04:28.675 [INFO ] RemoteClientGuiGame: Sending batch of 6: [GameEventZone, GameEventZone, GameEventPlayerPriority, GameEventCardStatsChanged, GameEventZone, GameEventZone]
21:04:28.678 [TRACE] InputSyncronizedBase: awaitLatchRelease() starting on InputPassPriority, thread = Game-0
21:04:28.684 [INFO ] CompatibleObjectEncoder: Encoded 23822 bytes (compressed) for GuiGameEvent
21:04:29.171 [TRACE] InputSyncronizedBase: stop() called on InputPassPriority, latch count before = 1
21:04:29.172 [TRACE] InputSyncronizedBase: stop() done, latch count after = 0
21:04:29.174 [TRACE] InputSyncronizedBase: awaitLatchRelease() UNBLOCKED on InputPassPriority, thread = Game-0
21:04:29.174 [TRACE] PlayerControllerHuman: InputPassPriority returned for player Human, chosenSa=null
21:04:29.180 [INFO ] NetworkGameEventListener: [GAME EVENT] 2nd Human's turn, Declare Blockers Step phase
21:04:29.182 [INFO ] RemoteClientGuiGame: Sending batch of 1: [GameEventTurnPhase]
21:04:29.186 [INFO ] NetworkGameEventListener: [GAME EVENT] 2nd Human's turn, First Strike Damage Step phase
21:04:29.191 [INFO ] NetworkGameEventListener: [GAME EVENT] 2nd Human's turn, Combat Damage Step phase
21:04:29.191 [INFO ] CompatibleObjectEncoder: Encoded 23811 bytes (compressed) for GuiGameEvent
21:04:29.201 [INFO ] NetworkGameEventListener: [GAME EVENT] 2nd Human's turn, End of Combat Step phase
21:04:29.221 [TRACE] PlayerControllerHuman: ENTRY for player 2nd Human, phase=COMBAT_END, isGameOver=false
21:04:29.421 [TRACE] PlayerControllerHuman: Returning null (mayAutoPass) for player 2nd Human
21:04:29.437 [TRACE] PlayerControllerHuman: ENTRY for player Human, phase=COMBAT_END, isGameOver=false
21:04:29.437 [TRACE] PlayerControllerHuman: Returning null (skipPhase) for player Human
21:04:29.446 [INFO ] NetworkGameEventListener: [GAME EVENT] 2nd Human's turn, Main phase, postcombat phase
21:04:29.460 [TRACE] PlayerControllerHuman: ENTRY for player 2nd Human, phase=MAIN2, isGameOver=false
21:04:29.660 [TRACE] PlayerControllerHuman: Returning null (mayAutoPass) for player 2nd Human
21:04:29.670 [TRACE] PlayerControllerHuman: ENTRY for player Human, phase=MAIN2, isGameOver=false
21:04:29.670 [TRACE] PlayerControllerHuman: Returning null (skipPhase) for player Human
21:04:29.675 [INFO ] NetworkGameEventListener: [GAME EVENT] 2nd Human's turn, End step phase
21:04:29.685 [INFO ] RemoteClientGuiGame: Sending batch of 24: [GameEventTurnPhase, GameEventTurnPhase, GameEventTurnPhase, GameEventPlayerPriority, GameEventCardStatsChanged, GameEventZone, GameEventZone, GameEventPlayerPriority, GameEventCardStatsChanged, GameEventZone, GameEventZone, GameEventCombatEnded, GameEventTurnPhase, GameEventPlayerPriority, GameEventCardStatsChanged, GameEventZone, GameEventZone, GameEventPlayerPriority, GameEventCardStatsChanged, GameEventZone, GameEventZone, GameEventTurnPhase, GameEventPlayerPriority, GameEventCardStatsChanged]
21:04:29.687 [TRACE] PlayerControllerHuman: ENTRY for player 2nd Human, phase=END_OF_TURN, isGameOver=false
21:04:29.694 [INFO ] CompatibleObjectEncoder: Encoded 23575 bytes (compressed) for GuiGameEvent
21:04:29.888 [TRACE] PlayerControllerHuman: Returning null (mayAutoPass) for player 2nd Human
21:04:29.896 [TRACE] PlayerControllerHuman: ENTRY for player Human, phase=END_OF_TURN, isGameOver=false
21:04:29.897 [TRACE] PlayerControllerHuman: Creating InputPassPriority for player Human
21:04:29.897 [INFO ] RemoteClientGuiGame: Sending batch of 6: [GameEventZone, GameEventZone, GameEventPlayerPriority, GameEventCardStatsChanged, GameEventZone, GameEventZone]
21:04:29.898 [TRACE] InputSyncronizedBase: awaitLatchRelease() starting on InputPassPriority, thread = Game-0
21:04:29.910 [INFO ] CompatibleObjectEncoder: Encoded 23608 bytes (compressed) for GuiGameEvent
21:04:30.295 [TRACE] InputSyncronizedBase: stop() called on InputPassPriority, latch count before = 1
21:04:30.295 [TRACE] InputSyncronizedBase: stop() done, latch count after = 0
21:04:30.295 [TRACE] InputSyncronizedBase: awaitLatchRelease() UNBLOCKED on InputPassPriority, thread = Game-0
21:04:30.296 [TRACE] PlayerControllerHuman: InputPassPriority returned for player Human, chosenSa=null
21:04:30.300 [INFO ] NetworkGameEventListener: [GAME EVENT] 2nd Human's turn, Cleanup step phase
21:04:30.302 [INFO ] RemoteClientGuiGame: Sending batch of 1: [GameEventTurnPhase]
21:04:30.321 [INFO ] CompatibleObjectEncoder: Encoded 23601 bytes (compressed) for GuiGameEvent
21:04:30.346 [INFO ] NetworkGameEventListener: [GAME EVENT] Turn 5 began - Human's turn
21:04:30.351 [INFO ] NetworkGameEventListener: [GAME EVENT] Human's turn, Untap step phase
21:04:30.364 [INFO ] NetworkGameEventListener: [GAME EVENT] Human's turn, Upkeep step phase
21:04:30.374 [TRACE] PlayerControllerHuman: ENTRY for player Human, phase=UPKEEP, isGameOver=false
21:04:30.374 [TRACE] PlayerControllerHuman: Returning null (skipPhase) for player Human
21:04:30.382 [TRACE] PlayerControllerHuman: ENTRY for player 2nd Human, phase=UPKEEP, isGameOver=false
21:04:30.382 [TRACE] PlayerControllerHuman: Creating InputPassPriority for player 2nd Human
21:04:30.382 [INFO ] RemoteClientGuiGame: Sending batch of 14: [GameEventCardStatsChanged, GameEventTurnEnded, GameEventTurnBegan, GameEventTurnPhase, GameEventCardStatsChanged, GameEventTurnPhase, GameEventPlayerPriority, GameEventCardStatsChanged, GameEventZone, GameEventZone, GameEventPlayerPriority, GameEventCardStatsChanged, GameEventZone, GameEventZone]
21:04:30.384 [TRACE] InputSyncronizedBase: awaitLatchRelease() starting on InputPassPriority, thread = Game-0
21:04:30.397 [INFO ] CompatibleObjectEncoder: Encoded 23727 bytes (compressed) for GuiGameEvent
21:04:30.418 [INFO ] CompatibleObjectEncoder: Encoded 23727 bytes (compressed) for GuiGameEvent
21:04:31.704 [INFO ] GameProtocolHandler: Received: GuiGameEvent 17: selectButtonCancel (0 args)
21:04:31.708 [TRACE] InputSyncronizedBase: stop() called on InputPassPriority, latch count before = 1
21:04:31.709 [TRACE] InputSyncronizedBase: stop() done, latch count after = 0
21:04:31.709 [TRACE] InputSyncronizedBase: awaitLatchRelease() UNBLOCKED on InputPassPriority, thread = Game-0
21:04:31.709 [TRACE] PlayerControllerHuman: InputPassPriority returned for player 2nd Human, chosenSa=null
21:04:31.712 [INFO ] CompatibleObjectEncoder: Encoded 23725 bytes (compressed) for GuiGameEvent
21:04:31.716 [INFO ] NetworkGameEventListener: [GAME EVENT] Human's turn, Draw step phase
21:04:31.716 [INFO ] RemoteClientGuiGame: Sending batch of 1: [GameEventTurnPhase]
21:04:31.729 [INFO ] CompatibleObjectEncoder: Encoded 23725 bytes (compressed) for GuiGameEvent
21:04:31.789 [TRACE] PlayerControllerHuman: ENTRY for player Human, phase=DRAW, isGameOver=false
21:04:31.789 [TRACE] PlayerControllerHuman: Returning null (skipPhase) for player Human
21:04:31.799 [TRACE] PlayerControllerHuman: ENTRY for player 2nd Human, phase=DRAW, isGameOver=false
21:04:31.799 [TRACE] PlayerControllerHuman: Returning null (mayAutoPass) for player 2nd Human
21:04:31.803 [INFO ] NetworkGameEventListener: [GAME EVENT] Human's turn, Main phase, precombat phase
21:04:31.812 [TRACE] PlayerControllerHuman: ENTRY for player Human, phase=MAIN1, isGameOver=false
21:04:31.812 [TRACE] PlayerControllerHuman: Creating InputPassPriority for player Human
21:04:31.813 [INFO ] RemoteClientGuiGame: Sending batch of 18: [GameEventZone, GameEventZone, GameEventCardStatsChanged, GameEventCardStatsChanged, GameEventCardChangeZone, GameEventPlayerPriority, GameEventCardStatsChanged, GameEventZone, GameEventZone, GameEventPlayerPriority, GameEventCardStatsChanged, GameEventZone, GameEventZone, GameEventTurnPhase, GameEventPlayerPriority, GameEventCardStatsChanged, GameEventZone, GameEventZone]
21:04:31.814 [TRACE] InputSyncronizedBase: awaitLatchRelease() starting on InputPassPriority, thread = Game-0
21:04:31.826 [INFO ] CompatibleObjectEncoder: Encoded 23759 bytes (compressed) for GuiGameEvent
21:04:35.800 [INFO ] GameProtocolHandler: Received: GuiGameEvent 18: selectButtonCancel (0 args)
21:04:35.808 [INFO ] CompatibleObjectEncoder: Encoded 23759 bytes (compressed) for GuiGameEvent
21:04:36.072 [INFO ] CompatibleObjectEncoder: Encoded 23759 bytes (compressed) for GuiGameEvent
21:04:36.123 [TRACE] InputSyncronizedBase: stop() called on InputPassPriority, latch count before = 1
21:04:36.123 [TRACE] InputSyncronizedBase: stop() done, latch count after = 0
21:04:36.124 [TRACE] InputSyncronizedBase: awaitLatchRelease() UNBLOCKED on InputPassPriority, thread = Game-0
21:04:36.124 [TRACE] PlayerControllerHuman: InputPassPriority returned for player Human, chosenSa=[Play land]
21:04:36.139 [INFO ] RemoteClientGuiGame: Sending batch of 1: [GameEventZone]
21:04:36.152 [INFO ] CompatibleObjectEncoder: Encoded 23759 bytes (compressed) for GuiGameEvent
21:04:36.241 [INFO ] NetworkGameEventListener: [GAME EVENT] Human played Forest (36)
21:04:36.306 [TRACE] PlayerControllerHuman: ENTRY for player Human, phase=MAIN1, isGameOver=false
21:04:36.307 [TRACE] PlayerControllerHuman: Creating InputPassPriority for player Human
21:04:36.307 [INFO ] RemoteClientGuiGame: Sending batch of 16: [GameEventZone, GameEventZone, GameEventZone, GameEventZone, GameEventZone, GameEventCardStatsChanged, GameEventCardStatsChanged, GameEventCardChangeZone, GameEventLandPlayed, GameEventZone, GameEventZone, GameEventZone, GameEventZone, GameEventCardStatsChanged, GameEventZone, GameEventZone]
21:04:36.310 [TRACE] InputSyncronizedBase: awaitLatchRelease() starting on InputPassPriority, thread = Game-0
21:04:36.317 [INFO ] CompatibleObjectEncoder: Encoded 23733 bytes (compressed) for GuiGameEvent
21:04:36.968 [TRACE] InputSyncronizedBase: stop() called on InputPassPriority, latch count before = 1
21:04:36.969 [TRACE] InputSyncronizedBase: awaitLatchRelease() UNBLOCKED on InputPassPriority, thread = Game-0
21:04:36.969 [TRACE] InputSyncronizedBase: stop() done, latch count after = 0
21:04:36.969 [TRACE] PlayerControllerHuman: InputPassPriority returned for player Human, chosenSa=[Glissa Sunslayer - Creature 3 / 3]
21:04:36.996 [INFO ] RemoteClientGuiGame: Sending batch of 1: [GameEventZone]
21:04:37.005 [INFO ] RemoteClientGuiGame: Sending batch of 4: [GameEventZone, GameEventCardStatsChanged, GameEventCardStatsChanged, GameEventCardChangeZone]
21:04:37.006 [TRACE] InputSyncronizedBase: awaitLatchRelease() starting on InputPayManaOfCostPayment, thread = Game-0
21:04:37.014 [INFO ] CompatibleObjectEncoder: Encoded 23540 bytes (compressed) for GuiGameEvent
21:04:37.021 [INFO ] CompatibleObjectEncoder: Encoded 23527 bytes (compressed) for GuiGameEvent
21:04:37.716 [INFO ] Main: [heap] used=149MB free=16MB total=166MB max=384MB
21:04:37.866 [INFO ] RemoteClientGuiGame: Sending batch of 1: [GameEventCardTapped]
21:04:37.883 [INFO ] CompatibleObjectEncoder: Encoded 23653 bytes (compressed) for GuiGameEvent
21:04:38.008 [INFO ] NetworkGameEventListener: [GAME EVENT] Human life: 20 -> 18
21:04:38.045 [TRACE] InputSyncronizedBase: stop() called on InputPayManaOfCostPayment, latch count before = 1
21:04:38.046 [INFO ] RemoteClientGuiGame: Sending batch of 19: [GameEventCardStatsChanged, GameEventAddLog, GameEventManaPool, GameEventAddLog, GameEventManaPool, GameEventCardTapped, GameEventCardStatsChanged, GameEventManaPool, GameEventAddLog, GameEventManaPool, GameEventCardTapped, GameEventCardStatsChanged, GameEventManaPool, GameEventManaPool, GameEventCardStatsChanged, GameEventPlayerDamaged, GameEventPlayerLivesChanged, GameEventAddLog, GameEventManaPool]
21:04:38.056 [TRACE] InputSyncronizedBase: stop() done, latch count after = 0
21:04:38.056 [TRACE] InputSyncronizedBase: awaitLatchRelease() UNBLOCKED on InputPayManaOfCostPayment, thread = Game-0
21:04:38.070 [INFO ] NetworkGameEventListener: [GAME EVENT] Human cast Glissa Sunslayer - Creature 3 / 3
21:04:38.075 [INFO ] CompatibleObjectEncoder: Encoded 24026 bytes (compressed) for GuiGameEvent
21:04:38.152 [TRACE] PlayerControllerHuman: ENTRY for player Human, phase=MAIN1, isGameOver=false
21:04:38.153 [TRACE] PlayerControllerHuman: Creating InputPassPriority for player Human
21:04:38.154 [INFO ] RemoteClientGuiGame: Sending batch of 12: [GameEventSpellAbilityCast, GameEventZone, GameEventCardStatsChanged, GameEventCardChangeZone, GameEventZone, GameEventZone, GameEventZone, GameEventZone, GameEventZone, GameEventCardStatsChanged, GameEventZone, GameEventZone]
21:04:38.159 [TRACE] InputSyncronizedBase: awaitLatchRelease() starting on InputPassPriority, thread = Game-0
21:04:38.176 [INFO ] CompatibleObjectEncoder: Encoded 24197 bytes (compressed) for GuiGameEvent
21:04:38.481 [TRACE] InputSyncronizedBase: stop() called on InputPassPriority, latch count before = 1
21:04:38.482 [TRACE] InputSyncronizedBase: stop() done, latch count after = 0
21:04:38.482 [TRACE] InputSyncronizedBase: awaitLatchRelease() UNBLOCKED on InputPassPriority, thread = Game-0
21:04:38.482 [TRACE] PlayerControllerHuman: InputPassPriority returned for player Human, chosenSa=null
21:04:38.497 [TRACE] PlayerControllerHuman: ENTRY for player 2nd Human, phase=MAIN1, isGameOver=false
21:04:38.497 [TRACE] PlayerControllerHuman: Creating InputPassPriority for player 2nd Human
21:04:38.498 [INFO ] RemoteClientGuiGame: Sending batch of 4: [GameEventPlayerPriority, GameEventCardStatsChanged, GameEventZone, GameEventZone]
21:04:38.499 [TRACE] InputSyncronizedBase: awaitLatchRelease() starting on InputPassPriority, thread = Game-0
21:04:38.518 [INFO ] CompatibleObjectEncoder: Encoded 24178 bytes (compressed) for GuiGameEvent
21:04:38.540 [INFO ] CompatibleObjectEncoder: Encoded 24178 bytes (compressed) for GuiGameEvent
21:04:39.897 [INFO ] GameProtocolHandler: Received: GuiGameEvent 19: selectButtonOk (0 args)
21:04:39.899 [TRACE] InputSyncronizedBase: stop() called on InputPassPriority, latch count before = 1
21:04:39.900 [TRACE] InputSyncronizedBase: awaitLatchRelease() UNBLOCKED on InputPassPriority, thread = Game-0
21:04:39.900 [TRACE] InputSyncronizedBase: stop() done, latch count after = 0
21:04:39.901 [TRACE] PlayerControllerHuman: InputPassPriority returned for player 2nd Human, chosenSa=null
21:04:39.918 [INFO ] RemoteClientGuiGame: Sending batch of 1: [GameEventZone]
21:04:39.925 [INFO ] CompatibleObjectEncoder: Encoded 24154 bytes (compressed) for GuiGameEvent
21:04:40.071 [INFO ] NetworkGameEventListener: [GAME EVENT] Resolved: Glissa Sunslayer
21:04:40.171 [INFO ] RemoteClientGuiGame: Sending batch of 23: [GameEventZone, GameEventZone, GameEventZone, GameEventZone, GameEventZone, GameEventZone, GameEventZone, GameEventZone, GameEventZone, GameEventCardStatsChanged, GameEventCardStatsChanged, GameEventCardChangeZone, GameEventSpellResolved, GameEventCardStatsChanged, GameEventSpellRemovedFromStack, GameEventCardStatsChanged, GameEventZone, GameEventZone, GameEventZone, GameEventZone, GameEventZone, GameEventZone, GameEventZone]
21:04:40.179 [INFO ] RemoteClientGuiGame: Sending batch of 3: [GameEventZone, GameEventZone, GameEventPlayerPriority]
21:04:40.189 [INFO ] CompatibleObjectEncoder: Encoded 23881 bytes (compressed) for GuiGameEvent
21:04:40.189 [TRACE] PlayerControllerHuman: ENTRY for player Human, phase=MAIN1, isGameOver=false
21:04:40.189 [TRACE] PlayerControllerHuman: Creating InputPassPriority for player Human
21:04:40.190 [INFO ] RemoteClientGuiGame: Sending batch of 3: [GameEventCardStatsChanged, GameEventZone, GameEventZone]
21:04:40.191 [TRACE] InputSyncronizedBase: awaitLatchRelease() starting on InputPassPriority, thread = Game-0
21:04:40.207 [INFO ] CompatibleObjectEncoder: Encoded 23882 bytes (compressed) for GuiGameEvent
21:04:41.266 [TRACE] InputSyncronizedBase: stop() called on InputPassPriority, latch count before = 1
21:04:41.268 [TRACE] InputSyncronizedBase: awaitLatchRelease() UNBLOCKED on InputPassPriority, thread = Game-0
21:04:41.268 [TRACE] InputSyncronizedBase: stop() done, latch count after = 0
21:04:41.268 [TRACE] PlayerControllerHuman: InputPassPriority returned for player Human, chosenSa=null
21:04:41.268 [INFO ] RemoteClientGuiGame: Sending batch of 1: [GameEventPlayerPriority]
21:04:41.277 [INFO ] CompatibleObjectEncoder: Encoded 23805 bytes (compressed) for GuiGameEvent
21:04:41.286 [TRACE] PlayerControllerHuman: ENTRY for player 2nd Human, phase=MAIN1, isGameOver=false
21:04:41.286 [TRACE] PlayerControllerHuman: Creating InputPassPriority for player 2nd Human
21:04:41.287 [INFO ] RemoteClientGuiGame: Sending batch of 3: [GameEventCardStatsChanged, GameEventZone, GameEventZone]
21:04:41.288 [TRACE] InputSyncronizedBase: awaitLatchRelease() starting on InputPassPriority, thread = Game-0
21:04:41.294 [INFO ] CompatibleObjectEncoder: Encoded 23805 bytes (compressed) for GuiGameEvent
21:04:41.317 [INFO ] CompatibleObjectEncoder: Encoded 23805 bytes (compressed) for GuiGameEvent
21:04:42.146 [INFO ] GameProtocolHandler: Received: GuiGameEvent 20: selectButtonCancel (0 args)
21:04:42.148 [TRACE] InputSyncronizedBase: stop() called on InputPassPriority, latch count before = 1
21:04:42.149 [TRACE] InputSyncronizedBase: awaitLatchRelease() UNBLOCKED on InputPassPriority, thread = Game-0
21:04:42.149 [TRACE] PlayerControllerHuman: InputPassPriority returned for player 2nd Human, chosenSa=null
21:04:42.149 [TRACE] InputSyncronizedBase: stop() done, latch count after = 0
21:04:42.156 [INFO ] CompatibleObjectEncoder: Encoded 23805 bytes (compressed) for GuiGameEvent
21:04:42.156 [INFO ] RemoteClientGuiGame: Sending batch of 1: [GameEventManaPool]
21:04:42.164 [INFO ] NetworkGameEventListener: [GAME EVENT] Human's turn, Beginning of Combat Step phase
21:04:42.169 [INFO ] CompatibleObjectEncoder: Encoded 23807 bytes (compressed) for GuiGameEvent
21:04:42.186 [TRACE] PlayerControllerHuman: ENTRY for player Human, phase=COMBAT_BEGIN, isGameOver=false
21:04:42.186 [TRACE] PlayerControllerHuman: Returning null (mayAutoPass) for player Human
21:04:42.196 [TRACE] PlayerControllerHuman: ENTRY for player 2nd Human, phase=COMBAT_BEGIN, isGameOver=false
21:04:42.397 [TRACE] PlayerControllerHuman: Returning null (mayAutoPass) for player 2nd Human
21:04:42.410 [INFO ] NetworkGameEventListener: [GAME EVENT] Human's turn, Declare Attackers Step phase
21:04:42.430 [TRACE] PlayerControllerHuman: ENTRY for player Human, phase=COMBAT_DECLARE_ATTACKERS, isGameOver=false
21:04:42.630 [TRACE] PlayerControllerHuman: Returning null (mayAutoPass) for player Human
21:04:42.642 [TRACE] PlayerControllerHuman: ENTRY for player 2nd Human, phase=COMBAT_DECLARE_ATTACKERS, isGameOver=false
21:04:42.842 [TRACE] PlayerControllerHuman: Returning null (mayAutoPass) for player 2nd Human
21:04:42.848 [INFO ] NetworkGameEventListener: [GAME EVENT] Human's turn, Declare Blockers Step phase
21:04:42.850 [INFO ] RemoteClientGuiGame: Sending batch of 21: [GameEventTurnPhase, GameEventPlayerPriority, GameEventCardStatsChanged, GameEventZone, GameEventZone, GameEventPlayerPriority, GameEventCardStatsChanged, GameEventZone, GameEventZone, GameEventTurnPhase, GameEventAttackersDeclared, GameEventCombatChanged, GameEventPlayerPriority, GameEventCardStatsChanged, GameEventZone, GameEventZone, GameEventPlayerPriority, GameEventCardStatsChanged, GameEventZone, GameEventZone, GameEventTurnPhase]
21:04:42.861 [INFO ] NetworkGameEventListener: [GAME EVENT] Human's turn, First Strike Damage Step phase
21:04:42.880 [INFO ] NetworkGameEventListener: [GAME EVENT] Human's turn, Combat Damage Step phase
21:04:42.885 [INFO ] NetworkGameEventListener: [GAME EVENT] Human's turn, End of Combat Step phase
21:04:42.897 [TRACE] PlayerControllerHuman: ENTRY for player Human, phase=COMBAT_END, isGameOver=false
21:04:42.898 [TRACE] PlayerControllerHuman: Returning null (mayAutoPass) for player Human
21:04:42.905 [TRACE] PlayerControllerHuman: ENTRY for player 2nd Human, phase=COMBAT_END, isGameOver=false
21:04:43.106 [TRACE] PlayerControllerHuman: Returning null (mayAutoPass) for player 2nd Human
21:04:43.112 [INFO ] NetworkGameEventListener: [GAME EVENT] Human's turn, Main phase, postcombat phase
21:04:43.122 [TRACE] PlayerControllerHuman: ENTRY for player Human, phase=MAIN2, isGameOver=false
21:04:43.323 [TRACE] PlayerControllerHuman: Returning null (mayAutoPass) for player Human
21:04:43.343 [TRACE] PlayerControllerHuman: ENTRY for player 2nd Human, phase=MAIN2, isGameOver=false
21:04:43.543 [TRACE] PlayerControllerHuman: Returning null (mayAutoPass) for player 2nd Human
21:04:43.548 [INFO ] NetworkGameEventListener: [GAME EVENT] Human's turn, End step phase
21:04:43.549 [INFO ] RemoteClientGuiGame: Sending batch of 22: [GameEventTurnPhase, GameEventTurnPhase, GameEventTurnPhase, GameEventPlayerPriority, GameEventCardStatsChanged, GameEventZone, GameEventZone, GameEventPlayerPriority, GameEventCardStatsChanged, GameEventZone, GameEventZone, GameEventCombatEnded, GameEventTurnPhase, GameEventPlayerPriority, GameEventCardStatsChanged, GameEventZone, GameEventZone, GameEventPlayerPriority, GameEventCardStatsChanged, GameEventZone, GameEventZone, GameEventTurnPhase]
21:04:43.560 [TRACE] PlayerControllerHuman: ENTRY for player Human, phase=END_OF_TURN, isGameOver=false
21:04:43.760 [TRACE] PlayerControllerHuman: Returning null (mayAutoPass) for player Human
21:04:43.769 [TRACE] PlayerControllerHuman: ENTRY for player 2nd Human, phase=END_OF_TURN, isGameOver=false
21:04:43.970 [TRACE] PlayerControllerHuman: Returning null (mayAutoPass) for player 2nd Human
21:04:43.977 [INFO ] NetworkGameEventListener: [GAME EVENT] Human's turn, Cleanup step phase
21:04:43.979 [INFO ] RemoteClientGuiGame: Sending batch of 9: [GameEventPlayerPriority, GameEventCardStatsChanged, GameEventZone, GameEventZone, GameEventPlayerPriority, GameEventCardStatsChanged, GameEventZone, GameEventZone, GameEventTurnPhase]
21:04:43.986 [INFO ] CompatibleObjectEncoder: Encoded 23802 bytes (compressed) for GuiGameEvent
21:04:44.028 [INFO ] NetworkGameEventListener: [GAME EVENT] Turn 6 began - 2nd Human's turn
21:04:44.032 [INFO ] NetworkGameEventListener: [GAME EVENT] 2nd Human's turn, Untap step phase
21:04:44.043 [INFO ] NetworkGameEventListener: [GAME EVENT] 2nd Human's turn, Upkeep step phase
21:04:44.052 [TRACE] PlayerControllerHuman: ENTRY for player 2nd Human, phase=UPKEEP, isGameOver=false
21:04:44.052 [TRACE] PlayerControllerHuman: Creating InputPassPriority for player 2nd Human
21:04:44.053 [INFO ] RemoteClientGuiGame: Sending batch of 10: [GameEventCardStatsChanged, GameEventTurnEnded, GameEventTurnBegan, GameEventTurnPhase, GameEventCardStatsChanged, GameEventTurnPhase, GameEventPlayerPriority, GameEventCardStatsChanged, GameEventZone, GameEventZone]
21:04:44.054 [TRACE] InputSyncronizedBase: awaitLatchRelease() starting on InputPassPriority, thread = Game-0
21:04:44.062 [INFO ] CompatibleObjectEncoder: Encoded 23741 bytes (compressed) for GuiGameEvent
21:04:44.068 [INFO ] CompatibleObjectEncoder: Encoded 23741 bytes (compressed) for GuiGameEvent
21:04:44.811 [INFO ] GameProtocolHandler: Received: GuiGameEvent 21: selectButtonOk (0 args)
21:04:44.813 [TRACE] InputSyncronizedBase: stop() called on InputPassPriority, latch count before = 1
21:04:44.814 [TRACE] InputSyncronizedBase: stop() done, latch count after = 0
21:04:44.815 [TRACE] InputSyncronizedBase: awaitLatchRelease() UNBLOCKED on InputPassPriority, thread = Game-0
21:04:44.815 [TRACE] PlayerControllerHuman: InputPassPriority returned for player 2nd Human, chosenSa=null
21:04:44.816 [INFO ] RemoteClientGuiGame: Sending batch of 1: [GameEventPlayerPriority]
21:04:44.826 [TRACE] PlayerControllerHuman: ENTRY for player Human, phase=UPKEEP, isGameOver=false
21:04:44.826 [TRACE] PlayerControllerHuman: Returning null (skipPhase) for player Human
21:04:44.826 [INFO ] CompatibleObjectEncoder: Encoded 23915 bytes (compressed) for GuiGameEvent
21:04:44.846 [INFO ] NetworkGameEventListener: [GAME EVENT] 2nd Human's turn, Draw step phase
21:04:44.918 [TRACE] PlayerControllerHuman: ENTRY for player 2nd Human, phase=DRAW, isGameOver=false
21:04:44.918 [TRACE] PlayerControllerHuman: Returning null (skipPhase) for player 2nd Human
21:04:44.926 [TRACE] PlayerControllerHuman: ENTRY for player Human, phase=DRAW, isGameOver=false
21:04:44.927 [TRACE] PlayerControllerHuman: Returning null (skipPhase) for player Human
21:04:44.930 [INFO ] NetworkGameEventListener: [GAME EVENT] 2nd Human's turn, Main phase, precombat phase
21:04:44.940 [TRACE] PlayerControllerHuman: ENTRY for player 2nd Human, phase=MAIN1, isGameOver=false
21:04:44.940 [TRACE] PlayerControllerHuman: Creating InputPassPriority for player 2nd Human
21:04:44.940 [INFO ] RemoteClientGuiGame: Sending batch of 22: [GameEventCardStatsChanged, GameEventZone, GameEventZone, GameEventTurnPhase, GameEventZone, GameEventZone, GameEventCardStatsChanged, GameEventCardStatsChanged, GameEventCardChangeZone, GameEventPlayerPriority, GameEventCardStatsChanged, GameEventZone, GameEventZone, GameEventPlayerPriority, GameEventCardStatsChanged, GameEventZone, GameEventZone, GameEventTurnPhase, GameEventPlayerPriority, GameEventCardStatsChanged, GameEventZone, GameEventZone]
21:04:44.942 [TRACE] InputSyncronizedBase: awaitLatchRelease() starting on InputPassPriority, thread = Game-0
21:04:44.948 [INFO ] CompatibleObjectEncoder: Encoded 23900 bytes (compressed) for GuiGameEvent
21:04:44.955 [INFO ] CompatibleObjectEncoder: Encoded 23900 bytes (compressed) for GuiGameEvent
21:04:45.732 [INFO ] GameProtocolHandler: Received: GuiGameEvent 22: selectButtonOk (0 args)
21:04:45.733 [TRACE] InputSyncronizedBase: stop() called on InputPassPriority, latch count before = 1
21:04:45.733 [TRACE] InputSyncronizedBase: stop() done, latch count after = 0
21:04:45.733 [TRACE] InputSyncronizedBase: awaitLatchRelease() UNBLOCKED on InputPassPriority, thread = Game-0
21:04:45.733 [TRACE] PlayerControllerHuman: InputPassPriority returned for player 2nd Human, chosenSa=null
21:04:45.734 [INFO ] RemoteClientGuiGame: Sending batch of 1: [GameEventPlayerPriority]
21:04:45.741 [INFO ] CompatibleObjectEncoder: Encoded 23827 bytes (compressed) for GuiGameEvent
21:04:45.743 [TRACE] PlayerControllerHuman: ENTRY for player Human, phase=MAIN1, isGameOver=false
21:04:45.743 [TRACE] PlayerControllerHuman: Returning null (skipPhase) for player Human
21:04:45.746 [INFO ] NetworkGameEventListener: [GAME EVENT] 2nd Human's turn, Beginning of Combat Step phase
21:04:45.777 [TRACE] PlayerControllerHuman: ENTRY for player 2nd Human, phase=COMBAT_BEGIN, isGameOver=false
21:04:45.777 [TRACE] PlayerControllerHuman: Creating InputPassPriority for player 2nd Human
21:04:45.777 [INFO ] RemoteClientGuiGame: Sending batch of 8: [GameEventCardStatsChanged, GameEventZone, GameEventZone, GameEventTurnPhase, GameEventPlayerPriority, GameEventCardStatsChanged, GameEventZone, GameEventZone]
21:04:45.778 [TRACE] InputSyncronizedBase: awaitLatchRelease() starting on InputPassPriority, thread = Game-0
21:04:45.783 [INFO ] CompatibleObjectEncoder: Encoded 23907 bytes (compressed) for GuiGameEvent
21:04:45.793 [INFO ] CompatibleObjectEncoder: Encoded 23907 bytes (compressed) for GuiGameEvent
21:04:46.654 [INFO ] GameProtocolHandler: Received: GuiGameEvent 23: selectButtonOk (0 args)
21:04:46.656 [TRACE] InputSyncronizedBase: stop() called on InputPassPriority, latch count before = 1
21:04:46.657 [TRACE] InputSyncronizedBase: awaitLatchRelease() UNBLOCKED on InputPassPriority, thread = Game-0
21:04:46.657 [TRACE] PlayerControllerHuman: InputPassPriority returned for player 2nd Human, chosenSa=null
21:04:46.658 [INFO ] RemoteClientGuiGame: Sending batch of 1: [GameEventPlayerPriority]
21:04:46.657 [TRACE] InputSyncronizedBase: stop() done, latch count after = 0
21:04:46.668 [TRACE] PlayerControllerHuman: ENTRY for player Human, phase=COMBAT_BEGIN, isGameOver=false
21:04:46.668 [TRACE] PlayerControllerHuman: Creating InputPassPriority for player Human
21:04:46.668 [INFO ] RemoteClientGuiGame: Sending batch of 3: [GameEventCardStatsChanged, GameEventZone, GameEventZone]
21:04:46.669 [TRACE] InputSyncronizedBase: awaitLatchRelease() starting on InputPassPriority, thread = Game-0
21:04:46.671 [INFO ] CompatibleObjectEncoder: Encoded 23847 bytes (compressed) for GuiGameEvent
21:04:46.684 [INFO ] CompatibleObjectEncoder: Encoded 23834 bytes (compressed) for GuiGameEvent
21:04:46.920 [INFO ] CompatibleObjectEncoder: Encoded 23834 bytes (compressed) for GuiGameEvent
21:04:47.264 [TRACE] InputSyncronizedBase: stop() called on InputPassPriority, latch count before = 1
21:04:47.265 [TRACE] InputSyncronizedBase: stop() done, latch count after = 0
21:04:47.265 [TRACE] InputSyncronizedBase: awaitLatchRelease() UNBLOCKED on InputPassPriority, thread = Game-0
21:04:47.266 [TRACE] PlayerControllerHuman: InputPassPriority returned for player Human, chosenSa=null
21:04:47.270 [INFO ] NetworkGameEventListener: [GAME EVENT] 2nd Human's turn, Declare Attackers Step phase
21:04:47.270 [INFO ] RemoteClientGuiGame: Sending batch of 1: [GameEventTurnPhase]
21:04:47.311 [TRACE] PlayerControllerHuman: ENTRY for player 2nd Human, phase=COMBAT_DECLARE_ATTACKERS, isGameOver=false
21:04:47.311 [TRACE] PlayerControllerHuman: Creating InputPassPriority for player 2nd Human
21:04:47.311 [INFO ] RemoteClientGuiGame: Sending batch of 6: [GameEventAttackersDeclared, GameEventCombatChanged, GameEventPlayerPriority, GameEventCardStatsChanged, GameEventZone, GameEventZone]
21:04:47.312 [TRACE] InputSyncronizedBase: awaitLatchRelease() starting on InputPassPriority, thread = Game-0
21:04:47.319 [INFO ] CompatibleObjectEncoder: Encoded 23857 bytes (compressed) for GuiGameEvent
21:04:47.326 [INFO ] CompatibleObjectEncoder: Encoded 23857 bytes (compressed) for GuiGameEvent
21:04:48.190 [INFO ] GameProtocolHandler: Received: GuiGameEvent 24: selectButtonOk (0 args)
21:04:48.191 [TRACE] InputSyncronizedBase: stop() called on InputPassPriority, latch count before = 1
21:04:48.192 [TRACE] InputSyncronizedBase: awaitLatchRelease() UNBLOCKED on InputPassPriority, thread = Game-0
21:04:48.192 [TRACE] InputSyncronizedBase: stop() done, latch count after = 0
21:04:48.193 [TRACE] PlayerControllerHuman: InputPassPriority returned for player 2nd Human, chosenSa=null
21:04:48.194 [INFO ] RemoteClientGuiGame: Sending batch of 1: [GameEventPlayerPriority]
21:04:48.202 [INFO ] CompatibleObjectEncoder: Encoded 23881 bytes (compressed) for GuiGameEvent
21:04:48.206 [TRACE] PlayerControllerHuman: ENTRY for player Human, phase=COMBAT_DECLARE_ATTACKERS, isGameOver=false
21:04:48.207 [TRACE] PlayerControllerHuman: Creating InputPassPriority for player Human
21:04:48.207 [INFO ] RemoteClientGuiGame: Sending batch of 3: [GameEventCardStatsChanged, GameEventZone, GameEventZone]
21:04:48.208 [TRACE] InputSyncronizedBase: awaitLatchRelease() starting on InputPassPriority, thread = Game-0
21:04:48.214 [INFO ] CompatibleObjectEncoder: Encoded 23886 bytes (compressed) for GuiGameEvent
21:04:48.457 [INFO ] CompatibleObjectEncoder: Encoded 23886 bytes (compressed) for GuiGameEvent
21:04:48.741 [TRACE] InputSyncronizedBase: stop() called on InputPassPriority, latch count before = 1
21:04:48.741 [TRACE] InputSyncronizedBase: stop() done, latch count after = 0
21:04:48.742 [TRACE] InputSyncronizedBase: awaitLatchRelease() UNBLOCKED on InputPassPriority, thread = Game-0
21:04:48.742 [TRACE] PlayerControllerHuman: InputPassPriority returned for player Human, chosenSa=null
21:04:48.745 [INFO ] NetworkGameEventListener: [GAME EVENT] 2nd Human's turn, Declare Blockers Step phase
21:04:48.746 [INFO ] RemoteClientGuiGame: Sending batch of 1: [GameEventTurnPhase]
21:04:48.752 [INFO ] CompatibleObjectEncoder: Encoded 23887 bytes (compressed) for GuiGameEvent
21:04:48.759 [INFO ] NetworkGameEventListener: [GAME EVENT] 2nd Human's turn, First Strike Damage Step phase
21:04:48.764 [INFO ] NetworkGameEventListener: [GAME EVENT] 2nd Human's turn, Combat Damage Step phase
21:04:48.771 [INFO ] NetworkGameEventListener: [GAME EVENT] 2nd Human's turn, End of Combat Step phase
21:04:48.780 [TRACE] PlayerControllerHuman: ENTRY for player 2nd Human, phase=COMBAT_END, isGameOver=false
21:04:48.780 [TRACE] PlayerControllerHuman: Creating InputPassPriority for player 2nd Human
21:04:48.780 [INFO ] RemoteClientGuiGame: Sending batch of 7: [GameEventTurnPhase, GameEventTurnPhase, GameEventTurnPhase, GameEventPlayerPriority, GameEventCardStatsChanged, GameEventZone, GameEventZone]
21:04:48.781 [TRACE] InputSyncronizedBase: awaitLatchRelease() starting on InputPassPriority, thread = Game-0
21:04:48.790 [INFO ] CompatibleObjectEncoder: Encoded 23847 bytes (compressed) for GuiGameEvent
21:04:48.798 [INFO ] CompatibleObjectEncoder: Encoded 23847 bytes (compressed) for GuiGameEvent
21:04:49.624 [INFO ] GameProtocolHandler: Received: GuiGameEvent 25: selectButtonOk (0 args)
21:04:49.625 [TRACE] InputSyncronizedBase: stop() called on InputPassPriority, latch count before = 1
21:04:49.626 [TRACE] InputSyncronizedBase: awaitLatchRelease() UNBLOCKED on InputPassPriority, thread = Game-0
21:04:49.627 [TRACE] PlayerControllerHuman: InputPassPriority returned for player 2nd Human, chosenSa=null
21:04:49.627 [INFO ] RemoteClientGuiGame: Sending batch of 1: [GameEventPlayerPriority]
21:04:49.630 [TRACE] InputSyncronizedBase: stop() done, latch count after = 0
21:04:49.637 [INFO ] CompatibleObjectEncoder: Encoded 23875 bytes (compressed) for GuiGameEvent
21:04:49.639 [TRACE] PlayerControllerHuman: ENTRY for player Human, phase=COMBAT_END, isGameOver=false
21:04:49.640 [TRACE] PlayerControllerHuman: Returning null (skipPhase) for player Human
21:04:49.644 [INFO ] NetworkGameEventListener: [GAME EVENT] 2nd Human's turn, Main phase, postcombat phase
21:04:49.657 [TRACE] PlayerControllerHuman: ENTRY for player 2nd Human, phase=MAIN2, isGameOver=false
21:04:49.658 [TRACE] PlayerControllerHuman: Creating InputPassPriority for player 2nd Human
21:04:49.658 [INFO ] RemoteClientGuiGame: Sending batch of 9: [GameEventCardStatsChanged, GameEventZone, GameEventZone, GameEventCombatEnded, GameEventTurnPhase, GameEventPlayerPriority, GameEventCardStatsChanged, GameEventZone, GameEventZone]
21:04:49.659 [TRACE] InputSyncronizedBase: awaitLatchRelease() starting on InputPassPriority, thread = Game-0
21:04:49.669 [INFO ] CompatibleObjectEncoder: Encoded 23900 bytes (compressed) for GuiGameEvent
21:04:49.686 [INFO ] CompatibleObjectEncoder: Encoded 23900 bytes (compressed) for GuiGameEvent
21:04:50.238 [INFO ] GameProtocolHandler: Received: GuiGameEvent 26: selectCard (3 args)
21:04:50.334 [INFO ] GameProtocolHandler: Received: Reply (355): Play land
21:04:50.342 [TRACE] InputSyncronizedBase: stop() called on InputPassPriority, latch count before = 1
21:04:50.342 [TRACE] InputSyncronizedBase: awaitLatchRelease() UNBLOCKED on InputPassPriority, thread = Game-0
21:04:50.342 [TRACE] PlayerControllerHuman: InputPassPriority returned for player 2nd Human, chosenSa=[Play land]
21:04:50.343 [TRACE] InputSyncronizedBase: stop() done, latch count after = 0
21:04:50.344 [INFO ] GameProtocolHandler: Protocol selectCard processed in 103 ms (queued 1 ms)
21:04:50.355 [INFO ] RemoteClientGuiGame: Sending batch of 1: [GameEventZone]
21:04:50.365 [INFO ] CompatibleObjectEncoder: Encoded 23900 bytes (compressed) for GuiGameEvent
21:04:50.407 [INFO ] NetworkGameEventListener: [GAME EVENT] 2nd Human played Adarkar Wastes (119)
21:04:50.447 [TRACE] PlayerControllerHuman: ENTRY for player 2nd Human, phase=MAIN2, isGameOver=false
21:04:50.448 [TRACE] PlayerControllerHuman: Creating InputPassPriority for player 2nd Human
21:04:50.449 [INFO ] RemoteClientGuiGame: Sending batch of 16: [GameEventZone, GameEventZone, GameEventZone, GameEventZone, GameEventZone, GameEventCardStatsChanged, GameEventCardStatsChanged, GameEventCardChangeZone, GameEventLandPlayed, GameEventZone, GameEventZone, GameEventZone, GameEventZone, GameEventCardStatsChanged, GameEventZone, GameEventZone]
21:04:50.450 [TRACE] InputSyncronizedBase: awaitLatchRelease() starting on InputPassPriority, thread = Game-0
21:04:50.460 [INFO ] CompatibleObjectEncoder: Encoded 23851 bytes (compressed) for GuiGameEvent
21:04:50.469 [INFO ] CompatibleObjectEncoder: Encoded 23851 bytes (compressed) for GuiGameEvent
21:04:52.492 [INFO ] GameProtocolHandler: Received: GuiGameEvent 27: selectCard (3 args)
21:04:52.565 [INFO ] GameProtocolHandler: Received: Reply (364): Witness Protection
21:04:52.566 [TRACE] InputSyncronizedBase: stop() called on InputPassPriority, latch count before = 1
21:04:52.567 [TRACE] InputSyncronizedBase: stop() done, latch count after = 0
21:04:52.567 [INFO ] GameProtocolHandler: Protocol selectCard processed in 71 ms (queued 3 ms)
21:04:52.568 [TRACE] InputSyncronizedBase: awaitLatchRelease() UNBLOCKED on InputPassPriority, thread = Game-0
21:04:52.569 [TRACE] PlayerControllerHuman: InputPassPriority returned for player 2nd Human, chosenSa=[Witness Protection]
21:04:52.642 [INFO ] GameProtocolHandler: Received: Reply (365): Witness Protection
21:04:52.662 [INFO ] RemoteClientGuiGame: Sending batch of 1: [GameEventZone]
21:04:52.670 [INFO ] CompatibleObjectEncoder: Encoded 24043 bytes (compressed) for GuiGameEvent
21:04:52.697 [INFO ] RemoteClientGuiGame: Sending batch of 4: [GameEventZone, GameEventCardStatsChanged, GameEventCardStatsChanged, GameEventCardChangeZone]
21:04:52.705 [INFO ] CompatibleObjectEncoder: Encoded 24043 bytes (compressed) for GuiGameEvent
21:04:52.910 [INFO ] GameProtocolHandler: Received: Reply (370): forge.player.PlayerZoneUpdates@9be4a97
21:04:52.912 [TRACE] InputSyncronizedBase: awaitLatchRelease() starting on InputSelectTargets, thread = Game-0
21:04:52.917 [INFO ] CompatibleObjectEncoder: Encoded 24043 bytes (compressed) for GuiGameEvent
21:04:52.926 [INFO ] CompatibleObjectEncoder: Encoded 24043 bytes (compressed) for GuiGameEvent
21:04:52.932 [INFO ] CompatibleObjectEncoder: Encoded 24043 bytes (compressed) for GuiGameEvent
21:04:53.224 [INFO ] GameProtocolHandler: Received: GuiGameEvent 28: selectCard (3 args)
21:04:53.228 [TRACE] InputSyncronizedBase: stop() called on InputSelectTargets, latch count before = 1
21:04:53.230 [TRACE] InputSyncronizedBase: awaitLatchRelease() UNBLOCKED on InputSelectTargets, thread = Game-0
21:04:53.231 [TRACE] InputSyncronizedBase: stop() done, latch count after = 0
21:04:53.237 [INFO ] CompatibleObjectEncoder: Encoded 24043 bytes (compressed) for GuiGameEvent
21:04:53.241 [TRACE] InputSyncronizedBase: awaitLatchRelease() starting on InputPayManaOfCostPayment, thread = Game-0
21:04:53.284 [INFO ] CompatibleObjectEncoder: Encoded 24043 bytes (compressed) for GuiGameEvent
21:04:53.924 [INFO ] GameProtocolHandler: Received: GuiGameEvent 29: selectButtonOk (0 args)
21:04:53.990 [INFO ] RemoteClientGuiGame: Sending batch of 1: [GameEventCardTapped]
21:04:54.004 [TRACE] InputSyncronizedBase: stop() called on InputPayManaOfCostPayment, latch count before = 1
21:04:54.004 [INFO ] RemoteClientGuiGame: Sending batch of 4: [GameEventCardStatsChanged, GameEventManaPool, GameEventAddLog, GameEventManaPool]
21:04:54.005 [TRACE] InputSyncronizedBase: stop() done, latch count after = 0
21:04:54.005 [INFO ] GameProtocolHandler: Protocol selectButtonOk processed in 80 ms (queued 1 ms)
21:04:54.005 [INFO ] CompatibleObjectEncoder: Encoded 23960 bytes (compressed) for GuiGameEvent
21:04:54.005 [TRACE] InputSyncronizedBase: awaitLatchRelease() UNBLOCKED on InputPayManaOfCostPayment, thread = Game-0
21:04:54.015 [INFO ] CompatibleObjectEncoder: Encoded 23909 bytes (compressed) for GuiGameEvent
21:04:54.022 [INFO ] NetworkGameEventListener: [GAME EVENT] 2nd Human cast Witness Protection
21:04:54.066 [TRACE] PlayerControllerHuman: ENTRY for player 2nd Human, phase=MAIN2, isGameOver=false
21:04:54.066 [TRACE] PlayerControllerHuman: Creating InputPassPriority for player 2nd Human
21:04:54.067 [INFO ] RemoteClientGuiGame: Sending batch of 9: [GameEventSpellAbilityCast, GameEventZone, GameEventZone, GameEventZone, GameEventZone, GameEventZone, GameEventCardStatsChanged, GameEventZone, GameEventZone]
21:04:54.068 [TRACE] InputSyncronizedBase: awaitLatchRelease() starting on InputPassPriority, thread = Game-0
21:04:54.073 [INFO ] CompatibleObjectEncoder: Encoded 24478 bytes (compressed) for GuiGameEvent
21:04:54.084 [INFO ] CompatibleObjectEncoder: Encoded 24478 bytes (compressed) for GuiGameEvent
21:04:54.742 [INFO ] GameProtocolHandler: Received: GuiGameEvent 30: selectButtonOk (0 args)
21:04:54.744 [TRACE] InputSyncronizedBase: stop() called on InputPassPriority, latch count before = 1
21:04:54.744 [TRACE] InputSyncronizedBase: awaitLatchRelease() UNBLOCKED on InputPassPriority, thread = Game-0
21:04:54.744 [TRACE] PlayerControllerHuman: InputPassPriority returned for player 2nd Human, chosenSa=null
21:04:54.745 [TRACE] InputSyncronizedBase: stop() done, latch count after = 0
21:04:54.745 [INFO ] RemoteClientGuiGame: Sending batch of 1: [GameEventPlayerPriority]
21:04:54.754 [INFO ] CompatibleObjectEncoder: Encoded 24253 bytes (compressed) for GuiGameEvent
21:04:54.755 [TRACE] PlayerControllerHuman: ENTRY for player Human, phase=MAIN2, isGameOver=false
21:04:54.755 [TRACE] PlayerControllerHuman: Creating InputPassPriority for player Human
21:04:54.756 [INFO ] RemoteClientGuiGame: Sending batch of 3: [GameEventCardStatsChanged, GameEventZone, GameEventZone]
21:04:54.756 [TRACE] InputSyncronizedBase: awaitLatchRelease() starting on InputPassPriority, thread = Game-0
21:04:54.762 [INFO ] CompatibleObjectEncoder: Encoded 24250 bytes (compressed) for GuiGameEvent
21:04:55.015 [INFO ] CompatibleObjectEncoder: Encoded 24250 bytes (compressed) for GuiGameEvent
21:04:55.442 [TRACE] InputSyncronizedBase: stop() called on InputPassPriority, latch count before = 1
21:04:55.443 [TRACE] InputSyncronizedBase: awaitLatchRelease() UNBLOCKED on InputPassPriority, thread = Game-0
21:04:55.443 [TRACE] InputSyncronizedBase: stop() done, latch count after = 0
21:04:55.443 [TRACE] PlayerControllerHuman: InputPassPriority returned for player Human, chosenSa=null
21:04:55.458 [INFO ] RemoteClientGuiGame: Sending batch of 1: [GameEventZone]
21:04:55.466 [INFO ] CompatibleObjectEncoder: Encoded 24250 bytes (compressed) for GuiGameEvent
21:04:55.730 [INFO ] NetworkGameEventListener: [GAME EVENT] Resolved: Witness Protection
21:04:55.876 [TRACE] PlayerControllerHuman: ENTRY for player 2nd Human, phase=MAIN2, isGameOver=false
21:04:55.876 [TRACE] PlayerControllerHuman: Creating InputPassPriority for player 2nd Human
21:04:55.876 [INFO ] RemoteClientGuiGame: Sending batch of 24: [GameEventZone, GameEventZone, GameEventZone, GameEventCardAttachment, GameEventZone, GameEventZone, GameEventZone, GameEventZone, GameEventZone, GameEventZone, GameEventCardStatsChanged, GameEventCardStatsChanged, GameEventCardChangeZone, GameEventSpellResolved, GameEventCardStatsChanged, GameEventSpellRemovedFromStack, GameEventZone, GameEventZone, GameEventZone, GameEventZone, GameEventPlayerPriority, GameEventCardStatsChanged, GameEventZone, GameEventZone]
21:04:55.879 [TRACE] InputSyncronizedBase: awaitLatchRelease() starting on InputPassPriority, thread = Game-0
21:04:55.883 [INFO ] CompatibleObjectEncoder: Encoded 23938 bytes (compressed) for GuiGameEvent
21:04:55.896 [INFO ] CompatibleObjectEncoder: Encoded 23938 bytes (compressed) for GuiGameEvent
21:04:57.821 [INFO ] GameProtocolHandler: Received: GuiGameEvent 31: selectButtonCancel (0 args)
21:04:57.827 [TRACE] InputSyncronizedBase: stop() called on InputPassPriority, latch count before = 1
21:04:57.828 [INFO ] CompatibleObjectEncoder: Encoded 23938 bytes (compressed) for GuiGameEvent
21:04:57.828 [TRACE] InputSyncronizedBase: stop() done, latch count after = 0
21:04:57.828 [TRACE] InputSyncronizedBase: awaitLatchRelease() UNBLOCKED on InputPassPriority, thread = Game-0
21:04:57.829 [TRACE] PlayerControllerHuman: InputPassPriority returned for player 2nd Human, chosenSa=null
21:04:57.830 [INFO ] RemoteClientGuiGame: Sending batch of 1: [GameEventPlayerPriority]
21:04:57.839 [INFO ] CompatibleObjectEncoder: Encoded 23970 bytes (compressed) for GuiGameEvent
21:04:57.856 [TRACE] PlayerControllerHuman: ENTRY for player Human, phase=MAIN2, isGameOver=false
21:04:57.857 [TRACE] PlayerControllerHuman: Returning null (skipPhase) for player Human
21:04:57.861 [INFO ] NetworkGameEventListener: [GAME EVENT] 2nd Human's turn, End step phase
21:04:57.876 [TRACE] PlayerControllerHuman: ENTRY for player 2nd Human, phase=END_OF_TURN, isGameOver=false
21:04:58.076 [TRACE] PlayerControllerHuman: Returning null (mayAutoPass) for player 2nd Human
21:04:58.096 [TRACE] PlayerControllerHuman: ENTRY for player Human, phase=END_OF_TURN, isGameOver=false
21:04:58.097 [TRACE] PlayerControllerHuman: Creating InputPassPriority for player Human
21:04:58.097 [INFO ] RemoteClientGuiGame: Sending batch of 12: [GameEventCardStatsChanged, GameEventZone, GameEventZone, GameEventTurnPhase, GameEventPlayerPriority, GameEventCardStatsChanged, GameEventZone, GameEventZone, GameEventPlayerPriority, GameEventCardStatsChanged, GameEventZone, GameEventZone]
21:04:58.098 [TRACE] InputSyncronizedBase: awaitLatchRelease() starting on InputPassPriority, thread = Game-0
21:04:58.105 [INFO ] CompatibleObjectEncoder: Encoded 23977 bytes (compressed) for GuiGameEvent
21:04:58.646 [TRACE] InputSyncronizedBase: stop() called on InputPassPriority, latch count before = 1
21:04:58.647 [TRACE] InputSyncronizedBase: stop() done, latch count after = 0
21:04:58.647 [TRACE] InputSyncronizedBase: awaitLatchRelease() UNBLOCKED on InputPassPriority, thread = Game-0
21:04:58.648 [TRACE] PlayerControllerHuman: InputPassPriority returned for player Human, chosenSa=null
21:04:58.660 [INFO ] NetworkGameEventListener: [GAME EVENT] 2nd Human's turn, Cleanup step phase
21:04:58.661 [INFO ] RemoteClientGuiGame: Sending batch of 1: [GameEventTurnPhase]
21:04:58.674 [INFO ] CompatibleObjectEncoder: Encoded 23973 bytes (compressed) for GuiGameEvent
21:04:58.690 [INFO ] CompatibleObjectEncoder: Encoded 23973 bytes (compressed) for GuiGameEvent
21:04:58.735 [INFO ] NetworkGameEventListener: [GAME EVENT] Turn 7 began - Human's turn
21:04:58.741 [INFO ] NetworkGameEventListener: [GAME EVENT] Human's turn, Untap step phase
21:04:58.883 [INFO ] NetworkGameEventListener: [GAME EVENT] Human's turn, Upkeep step phase
21:04:58.917 [TRACE] PlayerControllerHuman: ENTRY for player Human, phase=UPKEEP, isGameOver=false
21:04:58.917 [TRACE] PlayerControllerHuman: Returning null (skipPhase) for player Human
21:04:58.930 [TRACE] PlayerControllerHuman: ENTRY for player 2nd Human, phase=UPKEEP, isGameOver=false
21:04:58.931 [TRACE] PlayerControllerHuman: Creating InputPassPriority for player 2nd Human
21:04:58.932 [INFO ] RemoteClientGuiGame: Sending batch of 17: [GameEventCardStatsChanged, GameEventTurnEnded, GameEventTurnBegan, GameEventTurnPhase, GameEventCardStatsChanged, GameEventCardTapped, GameEventCardTapped, GameEventCardTapped, GameEventTurnPhase, GameEventPlayerPriority, GameEventCardStatsChanged, GameEventZone, GameEventZone, GameEventPlayerPriority, GameEventCardStatsChanged, GameEventZone, GameEventZone]
21:04:58.934 [TRACE] InputSyncronizedBase: awaitLatchRelease() starting on InputPassPriority, thread = Game-0
21:04:58.940 [INFO ] CompatibleObjectEncoder: Encoded 23996 bytes (compressed) for GuiGameEvent
21:04:58.948 [INFO ] CompatibleObjectEncoder: Encoded 23996 bytes (compressed) for GuiGameEvent
21:04:58.956 [INFO ] CompatibleObjectEncoder: Encoded 24017 bytes (compressed) for GuiGameEvent
21:04:59.863 [INFO ] GameProtocolHandler: Received: GuiGameEvent 32: selectButtonOk (0 args)
21:04:59.865 [TRACE] InputSyncronizedBase: stop() called on InputPassPriority, latch count before = 1
21:04:59.866 [TRACE] InputSyncronizedBase: awaitLatchRelease() UNBLOCKED on InputPassPriority, thread = Game-0
21:04:59.866 [TRACE] InputSyncronizedBase: stop() done, latch count after = 0
21:04:59.866 [TRACE] PlayerControllerHuman: InputPassPriority returned for player 2nd Human, chosenSa=null
21:04:59.873 [INFO ] NetworkGameEventListener: [GAME EVENT] Human's turn, Draw step phase
21:04:59.876 [INFO ] RemoteClientGuiGame: Sending batch of 1: [GameEventTurnPhase]
21:04:59.888 [INFO ] CompatibleObjectEncoder: Encoded 24031 bytes (compressed) for GuiGameEvent
21:04:59.984 [TRACE] PlayerControllerHuman: ENTRY for player Human, phase=DRAW, isGameOver=false
21:04:59.984 [TRACE] PlayerControllerHuman: Returning null (skipPhase) for player Human
21:05:00.004 [TRACE] PlayerControllerHuman: ENTRY for player 2nd Human, phase=DRAW, isGameOver=false
21:05:00.005 [TRACE] PlayerControllerHuman: Returning null (skipPhase) for player 2nd Human
21:05:00.016 [INFO ] NetworkGameEventListener: [GAME EVENT] Human's turn, Main phase, precombat phase
21:05:00.033 [TRACE] PlayerControllerHuman: ENTRY for player Human, phase=MAIN1, isGameOver=false
21:05:00.034 [TRACE] PlayerControllerHuman: Creating InputPassPriority for player Human
21:05:00.035 [INFO ] RemoteClientGuiGame: Sending batch of 18: [GameEventZone, GameEventZone, GameEventCardStatsChanged, GameEventCardStatsChanged, GameEventCardChangeZone, GameEventPlayerPriority, GameEventCardStatsChanged, GameEventZone, GameEventZone, GameEventPlayerPriority, GameEventCardStatsChanged, GameEventZone, GameEventZone, GameEventTurnPhase, GameEventPlayerPriority, GameEventCardStatsChanged, GameEventZone, GameEventZone]
21:05:00.038 [TRACE] InputSyncronizedBase: awaitLatchRelease() starting on InputPassPriority, thread = Game-0
21:05:00.050 [INFO ] CompatibleObjectEncoder: Encoded 24079 bytes (compressed) for GuiGameEvent
21:05:00.137 [INFO ] CompatibleObjectEncoder: Encoded 24079 bytes (compressed) for GuiGameEvent
21:05:07.727 [INFO ] Main: [heap] used=158MB free=8MB total=166MB max=384MB
21:05:09.604 [TRACE] InputSyncronizedBase: stop() called on InputPassPriority, latch count before = 1
21:05:09.605 [TRACE] InputSyncronizedBase: stop() done, latch count after = 0
21:05:09.605 [TRACE] InputSyncronizedBase: awaitLatchRelease() UNBLOCKED on InputPassPriority, thread = Game-0
21:05:09.605 [TRACE] PlayerControllerHuman: InputPassPriority returned for player Human, chosenSa=null
21:05:09.606 [INFO ] RemoteClientGuiGame: Sending batch of 1: [GameEventPlayerPriority]
21:05:09.615 [INFO ] CompatibleObjectEncoder: Encoded 24016 bytes (compressed) for GuiGameEvent
21:05:09.619 [TRACE] PlayerControllerHuman: ENTRY for player 2nd Human, phase=MAIN1, isGameOver=false
21:05:09.619 [TRACE] PlayerControllerHuman: Creating InputPassPriority for player 2nd Human
21:05:09.619 [INFO ] RemoteClientGuiGame: Sending batch of 3: [GameEventCardStatsChanged, GameEventZone, GameEventZone]
21:05:09.620 [TRACE] InputSyncronizedBase: awaitLatchRelease() starting on InputPassPriority, thread = Game-0
21:05:09.627 [INFO ] CompatibleObjectEncoder: Encoded 24016 bytes (compressed) for GuiGameEvent
21:05:09.638 [INFO ] CompatibleObjectEncoder: Encoded 24016 bytes (compressed) for GuiGameEvent
21:05:10.616 [INFO ] GameProtocolHandler: Received: GuiGameEvent 33: selectButtonOk (0 args)
21:05:10.617 [TRACE] InputSyncronizedBase: stop() called on InputPassPriority, latch count before = 1
21:05:10.618 [TRACE] InputSyncronizedBase: awaitLatchRelease() UNBLOCKED on InputPassPriority, thread = Game-0
21:05:10.618 [TRACE] PlayerControllerHuman: InputPassPriority returned for player 2nd Human, chosenSa=null
21:05:10.619 [TRACE] InputSyncronizedBase: stop() done, latch count after = 0
21:05:10.624 [INFO ] NetworkGameEventListener: [GAME EVENT] Human's turn, Beginning of Combat Step phase
21:05:10.624 [INFO ] RemoteClientGuiGame: Sending batch of 1: [GameEventTurnPhase]
21:05:10.631 [INFO ] CompatibleObjectEncoder: Encoded 24023 bytes (compressed) for GuiGameEvent
21:05:10.645 [TRACE] PlayerControllerHuman: ENTRY for player Human, phase=COMBAT_BEGIN, isGameOver=false
21:05:10.645 [TRACE] PlayerControllerHuman: Returning null (skipPhase) for player Human
21:05:10.657 [TRACE] PlayerControllerHuman: ENTRY for player 2nd Human, phase=COMBAT_BEGIN, isGameOver=false
21:05:10.658 [TRACE] PlayerControllerHuman: Creating InputPassPriority for player 2nd Human
21:05:10.658 [INFO ] RemoteClientGuiGame: Sending batch of 8: [GameEventPlayerPriority, GameEventCardStatsChanged, GameEventZone, GameEventZone, GameEventPlayerPriority, GameEventCardStatsChanged, GameEventZone, GameEventZone]
21:05:10.659 [TRACE] InputSyncronizedBase: awaitLatchRelease() starting on InputPassPriority, thread = Game-0
21:05:10.666 [INFO ] CompatibleObjectEncoder: Encoded 24023 bytes (compressed) for GuiGameEvent
21:05:10.672 [INFO ] CompatibleObjectEncoder: Encoded 24023 bytes (compressed) for GuiGameEvent
21:05:10.844 [INFO ] GameProtocolHandler: Received: GuiGameEvent 34: selectButtonOk (0 args)
21:05:10.847 [TRACE] InputSyncronizedBase: stop() called on InputPassPriority, latch count before = 1
21:05:10.848 [TRACE] InputSyncronizedBase: stop() done, latch count after = 0
21:05:10.848 [TRACE] InputSyncronizedBase: awaitLatchRelease() UNBLOCKED on InputPassPriority, thread = Game-0
21:05:10.850 [TRACE] PlayerControllerHuman: InputPassPriority returned for player 2nd Human, chosenSa=null
21:05:10.860 [INFO ] NetworkGameEventListener: [GAME EVENT] Human's turn, Declare Attackers Step phase
21:05:10.862 [INFO ] RemoteClientGuiGame: Sending batch of 1: [GameEventTurnPhase]
21:05:10.863 [TRACE] InputSyncronizedBase: awaitLatchRelease() starting on InputAttack, thread = Game-0
21:05:10.870 [INFO ] CompatibleObjectEncoder: Encoded 24028 bytes (compressed) for GuiGameEvent
21:05:11.094 [INFO ] GameProtocolHandler: Received: GuiGameEvent 35: selectButtonOk (0 args)
21:05:11.119 [INFO ] RemoteClientGuiGame: Sending batch of 2: [GameEventCombatUpdate, GameEventCombatUpdate]
21:05:11.129 [INFO ] CompatibleObjectEncoder: Encoded 24028 bytes (compressed) for GuiGameEvent
21:05:11.384 [INFO ] GameProtocolHandler: Received: GuiGameEvent 36: selectButtonOk (0 args)
21:05:12.169 [INFO ] RemoteClientGuiGame: Sending batch of 3: [GameEventCombatUpdate, GameEventCombatUpdate, GameEventCombatUpdate]
21:05:12.170 [TRACE] InputSyncronizedBase: stop() called on InputAttack, latch count before = 1
21:05:12.172 [TRACE] InputSyncronizedBase: stop() done, latch count after = 0
21:05:12.173 [TRACE] InputSyncronizedBase: awaitLatchRelease() UNBLOCKED on InputAttack, thread = Game-0
21:05:12.183 [INFO ] CompatibleObjectEncoder: Encoded 23480 bytes (compressed) for GuiGameEvent
21:05:12.216 [INFO ] NetworkGameEventListener: [GAME EVENT] Human declared attackers: {2nd Human=[Legitimate Businessperson (52)]}
21:05:12.251 [TRACE] PlayerControllerHuman: ENTRY for player Human, phase=COMBAT_DECLARE_ATTACKERS, isGameOver=false
21:05:12.251 [TRACE] PlayerControllerHuman: Creating InputPassPriority for player Human
21:05:12.252 [INFO ] RemoteClientGuiGame: Sending batch of 7: [GameEventCardTapped, GameEventAttackersDeclared, GameEventCombatChanged, GameEventPlayerPriority, GameEventCardStatsChanged, GameEventZone, GameEventZone]
21:05:12.253 [TRACE] InputSyncronizedBase: awaitLatchRelease() starting on InputPassPriority, thread = Game-0
21:05:12.262 [INFO ] CompatibleObjectEncoder: Encoded 23603 bytes (compressed) for GuiGameEvent
21:05:12.402 [TRACE] InputSyncronizedBase: stop() called on InputPassPriority, latch count before = 1
21:05:12.403 [TRACE] InputSyncronizedBase: stop() done, latch count after = 0
21:05:12.403 [TRACE] InputSyncronizedBase: awaitLatchRelease() UNBLOCKED on InputPassPriority, thread = Game-0
21:05:12.404 [TRACE] PlayerControllerHuman: InputPassPriority returned for player Human, chosenSa=null
21:05:12.449 [TRACE] PlayerControllerHuman: ENTRY for player 2nd Human, phase=COMBAT_DECLARE_ATTACKERS, isGameOver=false
21:05:12.449 [TRACE] PlayerControllerHuman: Creating InputPassPriority for player 2nd Human
21:05:12.449 [INFO ] RemoteClientGuiGame: Sending batch of 4: [GameEventPlayerPriority, GameEventCardStatsChanged, GameEventZone, GameEventZone]
21:05:12.450 [TRACE] InputSyncronizedBase: awaitLatchRelease() starting on InputPassPriority, thread = Game-0
21:05:12.458 [INFO ] CompatibleObjectEncoder: Encoded 23480 bytes (compressed) for GuiGameEvent
21:05:12.468 [INFO ] CompatibleObjectEncoder: Encoded 23480 bytes (compressed) for GuiGameEvent
21:05:13.587 [INFO ] GameProtocolHandler: Received: GuiGameEvent 37: selectButtonOk (0 args)
21:05:13.589 [TRACE] InputSyncronizedBase: stop() called on InputPassPriority, latch count before = 1
21:05:13.590 [TRACE] InputSyncronizedBase: stop() done, latch count after = 0
21:05:13.590 [TRACE] InputSyncronizedBase: awaitLatchRelease() UNBLOCKED on InputPassPriority, thread = Game-0
21:05:13.591 [TRACE] PlayerControllerHuman: InputPassPriority returned for player 2nd Human, chosenSa=null
21:05:13.605 [INFO ] NetworkGameEventListener: [GAME EVENT] Human's turn, Declare Blockers Step phase
21:05:13.606 [INFO ] RemoteClientGuiGame: Sending batch of 1: [GameEventTurnPhase]
21:05:13.613 [INFO ] NetworkGameEventListener: [GAME EVENT] 2nd Human declared blockers: {2nd Human={Legitimate Businessperson (52)=[Legitimate Businessperson (52)]}}
21:05:13.615 [INFO ] CompatibleObjectEncoder: Encoded 23479 bytes (compressed) for GuiGameEvent
21:05:13.648 [TRACE] PlayerControllerHuman: ENTRY for player Human, phase=COMBAT_DECLARE_BLOCKERS, isGameOver=false
21:05:13.649 [TRACE] PlayerControllerHuman: Creating InputPassPriority for player Human
21:05:13.649 [INFO ] RemoteClientGuiGame: Sending batch of 6: [GameEventBlockersDeclared, GameEventCombatChanged, GameEventPlayerPriority, GameEventCardStatsChanged, GameEventZone, GameEventZone]
21:05:13.652 [TRACE] InputSyncronizedBase: awaitLatchRelease() starting on InputPassPriority, thread = Game-0
21:05:13.656 [INFO ] CompatibleObjectEncoder: Encoded 23595 bytes (compressed) for GuiGameEvent
21:05:13.803 [TRACE] InputSyncronizedBase: stop() called on InputPassPriority, latch count before = 1
21:05:13.803 [TRACE] InputSyncronizedBase: stop() done, latch count after = 0
21:05:13.803 [TRACE] InputSyncronizedBase: awaitLatchRelease() UNBLOCKED on InputPassPriority, thread = Game-0
21:05:13.803 [TRACE] PlayerControllerHuman: InputPassPriority returned for player Human, chosenSa=null
21:05:13.825 [TRACE] PlayerControllerHuman: ENTRY for player 2nd Human, phase=COMBAT_DECLARE_BLOCKERS, isGameOver=false
21:05:13.825 [TRACE] PlayerControllerHuman: Creating InputPassPriority for player 2nd Human
21:05:13.825 [INFO ] RemoteClientGuiGame: Sending batch of 4: [GameEventPlayerPriority, GameEventCardStatsChanged, GameEventZone, GameEventZone]
21:05:13.826 [TRACE] InputSyncronizedBase: awaitLatchRelease() starting on InputPassPriority, thread = Game-0
21:05:13.835 [INFO ] CompatibleObjectEncoder: Encoded 23480 bytes (compressed) for GuiGameEvent
21:05:13.847 [INFO ] CompatibleObjectEncoder: Encoded 23480 bytes (compressed) for GuiGameEvent
21:05:14.199 [INFO ] GameProtocolHandler: Received: GuiGameEvent 38: selectButtonOk (0 args)
21:05:14.200 [TRACE] InputSyncronizedBase: stop() called on InputPassPriority, latch count before = 1
21:05:14.201 [TRACE] InputSyncronizedBase: awaitLatchRelease() UNBLOCKED on InputPassPriority, thread = Game-0
21:05:14.202 [TRACE] PlayerControllerHuman: InputPassPriority returned for player 2nd Human, chosenSa=null
21:05:14.201 [TRACE] InputSyncronizedBase: stop() done, latch count after = 0
21:05:14.205 [INFO ] NetworkGameEventListener: [GAME EVENT] Human's turn, First Strike Damage Step phase
21:05:14.212 [INFO ] NetworkGameEventListener: [GAME EVENT] Human's turn, Combat Damage Step phase
21:05:14.250 [INFO ] NetworkGameEventListener: [GAME EVENT] 2nd Human life: 20 -> 19
21:05:14.323 [TRACE] PlayerControllerHuman: ENTRY for player Human, phase=COMBAT_DAMAGE, isGameOver=false
21:05:14.324 [TRACE] PlayerControllerHuman: Returning null (skipPhase) for player Human
21:05:14.339 [INFO ] RemoteClientGuiGame: Sending batch of 18: [GameEventTurnPhase, GameEventTurnPhase, GameEventZone, GameEventZone, GameEventZone, GameEventZone, GameEventPlayerDamaged, GameEventPlayerLivesChanged, GameEventZone, GameEventZone, GameEventZone, GameEventZone, GameEventPlayerPriority, GameEventCardStatsChanged, GameEventZone, GameEventZone, GameEventPlayerPriority, GameEventCardStatsChanged]
21:05:14.342 [TRACE] PlayerControllerHuman: ENTRY for player 2nd Human, phase=COMBAT_DAMAGE, isGameOver=false
21:05:14.342 [TRACE] PlayerControllerHuman: Creating InputPassPriority for player 2nd Human
21:05:14.342 [INFO ] RemoteClientGuiGame: Sending batch of 2: [GameEventZone, GameEventZone]
21:05:14.343 [TRACE] InputSyncronizedBase: awaitLatchRelease() starting on InputPassPriority, thread = Game-0
21:05:14.356 [INFO ] CompatibleObjectEncoder: Encoded 23508 bytes (compressed) for GuiGameEvent
21:05:14.368 [INFO ] CompatibleObjectEncoder: Encoded 23508 bytes (compressed) for GuiGameEvent
21:05:14.379 [INFO ] CompatibleObjectEncoder: Encoded 23508 bytes (compressed) for GuiGameEvent
21:05:14.504 [INFO ] GameProtocolHandler: Received: GuiGameEvent 39: selectButtonOk (0 args)
21:05:14.505 [TRACE] InputSyncronizedBase: stop() called on InputPassPriority, latch count before = 1
21:05:14.505 [TRACE] InputSyncronizedBase: stop() done, latch count after = 0
21:05:14.505 [TRACE] InputSyncronizedBase: awaitLatchRelease() UNBLOCKED on InputPassPriority, thread = Game-0
21:05:14.505 [TRACE] PlayerControllerHuman: InputPassPriority returned for player 2nd Human, chosenSa=null
21:05:14.508 [INFO ] NetworkGameEventListener: [GAME EVENT] Human's turn, End of Combat Step phase
21:05:14.525 [TRACE] PlayerControllerHuman: ENTRY for player Human, phase=COMBAT_END, isGameOver=false
21:05:14.526 [TRACE] PlayerControllerHuman: Returning null (skipPhase) for player Human
21:05:14.538 [TRACE] PlayerControllerHuman: ENTRY for player 2nd Human, phase=COMBAT_END, isGameOver=false
21:05:14.539 [TRACE] PlayerControllerHuman: Creating InputPassPriority for player 2nd Human
21:05:14.539 [INFO ] RemoteClientGuiGame: Sending batch of 9: [GameEventTurnPhase, GameEventPlayerPriority, GameEventCardStatsChanged, GameEventZone, GameEventZone, GameEventPlayerPriority, GameEventCardStatsChanged, GameEventZone, GameEventZone]
21:05:14.540 [TRACE] InputSyncronizedBase: awaitLatchRelease() starting on InputPassPriority, thread = Game-0
21:05:14.548 [INFO ] CompatibleObjectEncoder: Encoded 23504 bytes (compressed) for GuiGameEvent
21:05:14.556 [INFO ] CompatibleObjectEncoder: Encoded 23504 bytes (compressed) for GuiGameEvent
21:05:14.784 [INFO ] GameProtocolHandler: Received: GuiGameEvent 40: selectButtonOk (0 args)
21:05:14.785 [TRACE] InputSyncronizedBase: stop() called on InputPassPriority, latch count before = 1
21:05:14.786 [TRACE] InputSyncronizedBase: stop() done, latch count after = 0
21:05:14.786 [TRACE] InputSyncronizedBase: awaitLatchRelease() UNBLOCKED on InputPassPriority, thread = Game-0
21:05:14.786 [TRACE] PlayerControllerHuman: InputPassPriority returned for player 2nd Human, chosenSa=null
21:05:14.791 [INFO ] NetworkGameEventListener: [GAME EVENT] Human's turn, Main phase, postcombat phase
21:05:14.807 [TRACE] PlayerControllerHuman: ENTRY for player Human, phase=MAIN2, isGameOver=false
21:05:14.807 [TRACE] PlayerControllerHuman: Creating InputPassPriority for player Human
21:05:14.808 [INFO ] RemoteClientGuiGame: Sending batch of 6: [GameEventCombatEnded, GameEventTurnPhase, GameEventPlayerPriority, GameEventCardStatsChanged, GameEventZone, GameEventZone]
21:05:14.809 [TRACE] InputSyncronizedBase: awaitLatchRelease() starting on InputPassPriority, thread = Game-0
21:05:14.815 [INFO ] CompatibleObjectEncoder: Encoded 23959 bytes (compressed) for GuiGameEvent
21:05:15.061 [INFO ] CompatibleObjectEncoder: Encoded 23959 bytes (compressed) for GuiGameEvent
21:05:15.106 [INFO ] GameProtocolHandler: Received: GuiGameEvent 41: selectButtonOk (0 args)
21:05:15.383 [TRACE] InputSyncronizedBase: stop() called on InputPassPriority, latch count before = 1
21:05:15.384 [TRACE] InputSyncronizedBase: stop() done, latch count after = 0
21:05:15.384 [TRACE] InputSyncronizedBase: awaitLatchRelease() UNBLOCKED on InputPassPriority, thread = Game-0
21:05:15.384 [TRACE] PlayerControllerHuman: InputPassPriority returned for player Human, chosenSa=null
21:05:15.385 [INFO ] RemoteClientGuiGame: Sending batch of 1: [GameEventPlayerPriority]
21:05:15.393 [INFO ] CompatibleObjectEncoder: Encoded 24087 bytes (compressed) for GuiGameEvent
21:05:15.398 [TRACE] PlayerControllerHuman: ENTRY for player 2nd Human, phase=MAIN2, isGameOver=false
21:05:15.399 [TRACE] PlayerControllerHuman: Creating InputPassPriority for player 2nd Human
21:05:15.399 [INFO ] RemoteClientGuiGame: Sending batch of 3: [GameEventCardStatsChanged, GameEventZone, GameEventZone]
21:05:15.400 [TRACE] InputSyncronizedBase: awaitLatchRelease() starting on InputPassPriority, thread = Game-0
21:05:15.404 [INFO ] CompatibleObjectEncoder: Encoded 24087 bytes (compressed) for GuiGameEvent
21:05:15.421 [INFO ] CompatibleObjectEncoder: Encoded 24087 bytes (compressed) for GuiGameEvent
21:05:15.941 [INFO ] GameProtocolHandler: Received: GuiGameEvent 42: selectButtonOk (0 args)
21:05:15.942 [TRACE] InputSyncronizedBase: stop() called on InputPassPriority, latch count before = 1
21:05:15.943 [TRACE] InputSyncronizedBase: awaitLatchRelease() UNBLOCKED on InputPassPriority, thread = Game-0
21:05:15.943 [TRACE] InputSyncronizedBase: stop() done, latch count after = 0
21:05:15.943 [TRACE] PlayerControllerHuman: InputPassPriority returned for player 2nd Human, chosenSa=null
21:05:15.948 [INFO ] NetworkGameEventListener: [GAME EVENT] Human's turn, End step phase
21:05:15.949 [INFO ] RemoteClientGuiGame: Sending batch of 1: [GameEventTurnPhase]
21:05:15.958 [INFO ] CompatibleObjectEncoder: Encoded 24026 bytes (compressed) for GuiGameEvent
21:05:15.968 [TRACE] PlayerControllerHuman: ENTRY for player Human, phase=END_OF_TURN, isGameOver=false
21:05:15.968 [TRACE] PlayerControllerHuman: Creating InputPassPriority for player Human
21:05:15.968 [INFO ] RemoteClientGuiGame: Sending batch of 4: [GameEventPlayerPriority, GameEventCardStatsChanged, GameEventZone, GameEventZone]
21:05:15.969 [TRACE] InputSyncronizedBase: awaitLatchRelease() starting on InputPassPriority, thread = Game-0
21:05:15.976 [INFO ] CompatibleObjectEncoder: Encoded 24084 bytes (compressed) for GuiGameEvent
21:05:16.207 [INFO ] CompatibleObjectEncoder: Encoded 24084 bytes (compressed) for GuiGameEvent
21:05:16.534 [TRACE] InputSyncronizedBase: stop() called on InputPassPriority, latch count before = 1
21:05:16.535 [TRACE] InputSyncronizedBase: awaitLatchRelease() UNBLOCKED on InputPassPriority, thread = Game-0
21:05:16.535 [TRACE] InputSyncronizedBase: stop() done, latch count after = 0
21:05:16.535 [TRACE] PlayerControllerHuman: InputPassPriority returned for player Human, chosenSa=null
21:05:16.536 [INFO ] RemoteClientGuiGame: Sending batch of 1: [GameEventPlayerPriority]
21:05:16.549 [TRACE] PlayerControllerHuman: ENTRY for player 2nd Human, phase=END_OF_TURN, isGameOver=false
21:05:16.550 [TRACE] PlayerControllerHuman: Creating InputPassPriority for player 2nd Human
21:05:16.550 [INFO ] RemoteClientGuiGame: Sending batch of 3: [GameEventCardStatsChanged, GameEventZone, GameEventZone]
21:05:16.551 [TRACE] InputSyncronizedBase: awaitLatchRelease() starting on InputPassPriority, thread = Game-0
21:05:16.551 [INFO ] CompatibleObjectEncoder: Encoded 24025 bytes (compressed) for GuiGameEvent
21:05:16.557 [INFO ] CompatibleObjectEncoder: Encoded 24025 bytes (compressed) for GuiGameEvent
21:05:16.570 [INFO ] CompatibleObjectEncoder: Encoded 24025 bytes (compressed) for GuiGameEvent
21:05:17.476 [INFO ] GameProtocolHandler: Received: GuiGameEvent 43: selectButtonOk (0 args)
21:05:17.478 [TRACE] InputSyncronizedBase: stop() called on InputPassPriority, latch count before = 1
21:05:17.478 [TRACE] InputSyncronizedBase: stop() done, latch count after = 0
21:05:17.479 [TRACE] InputSyncronizedBase: awaitLatchRelease() UNBLOCKED on InputPassPriority, thread = Game-0
21:05:17.481 [TRACE] PlayerControllerHuman: InputPassPriority returned for player 2nd Human, chosenSa=null
21:05:17.485 [INFO ] NetworkGameEventListener: [GAME EVENT] Human's turn, Cleanup step phase
21:05:17.486 [INFO ] RemoteClientGuiGame: Sending batch of 1: [GameEventTurnPhase]
21:05:17.497 [INFO ] CompatibleObjectEncoder: Encoded 24022 bytes (compressed) for GuiGameEvent
21:05:17.544 [INFO ] NetworkGameEventListener: [GAME EVENT] Turn 8 began - 2nd Human's turn
21:05:17.554 [INFO ] NetworkGameEventListener: [GAME EVENT] 2nd Human's turn, Untap step phase
21:05:17.633 [INFO ] NetworkGameEventListener: [GAME EVENT] 2nd Human's turn, Upkeep step phase
21:05:17.665 [TRACE] PlayerControllerHuman: ENTRY for player 2nd Human, phase=UPKEEP, isGameOver=false
21:05:17.666 [TRACE] PlayerControllerHuman: Creating InputPassPriority for player 2nd Human
21:05:17.666 [INFO ] RemoteClientGuiGame: Sending batch of 11: [GameEventCardStatsChanged, GameEventTurnEnded, GameEventTurnBegan, GameEventTurnPhase, GameEventCardStatsChanged, GameEventCardTapped, GameEventTurnPhase, GameEventPlayerPriority, GameEventCardStatsChanged, GameEventZone, GameEventZone]
21:05:17.669 [TRACE] InputSyncronizedBase: awaitLatchRelease() starting on InputPassPriority, thread = Game-0
21:05:17.678 [INFO ] CompatibleObjectEncoder: Encoded 23988 bytes (compressed) for GuiGameEvent
21:05:17.687 [INFO ] CompatibleObjectEncoder: Encoded 23988 bytes (compressed) for GuiGameEvent
21:05:18.398 [INFO ] GameProtocolHandler: Received: GuiGameEvent 44: selectButtonOk (0 args)
21:05:18.399 [TRACE] InputSyncronizedBase: stop() called on InputPassPriority, latch count before = 1
21:05:18.400 [TRACE] InputSyncronizedBase: awaitLatchRelease() UNBLOCKED on InputPassPriority, thread = Game-0
21:05:18.400 [TRACE] PlayerControllerHuman: InputPassPriority returned for player 2nd Human, chosenSa=null
21:05:18.400 [INFO ] RemoteClientGuiGame: Sending batch of 1: [GameEventPlayerPriority]
21:05:18.402 [TRACE] InputSyncronizedBase: stop() done, latch count after = 0
21:05:18.412 [INFO ] CompatibleObjectEncoder: Encoded 24001 bytes (compressed) for GuiGameEvent
21:05:18.414 [TRACE] PlayerControllerHuman: ENTRY for player Human, phase=UPKEEP, isGameOver=false
21:05:18.415 [TRACE] PlayerControllerHuman: Returning null (skipPhase) for player Human
21:05:18.418 [INFO ] NetworkGameEventListener: [GAME EVENT] 2nd Human's turn, Draw step phase
21:05:18.506 [TRACE] PlayerControllerHuman: ENTRY for player 2nd Human, phase=DRAW, isGameOver=false
21:05:18.507 [TRACE] PlayerControllerHuman: Returning null (skipPhase) for player 2nd Human
21:05:18.527 [TRACE] PlayerControllerHuman: ENTRY for player Human, phase=DRAW, isGameOver=false
21:05:18.527 [TRACE] PlayerControllerHuman: Returning null (skipPhase) for player Human
21:05:18.535 [INFO ] NetworkGameEventListener: [GAME EVENT] 2nd Human's turn, Main phase, precombat phase
21:05:18.550 [TRACE] PlayerControllerHuman: ENTRY for player 2nd Human, phase=MAIN1, isGameOver=false
21:05:18.550 [TRACE] PlayerControllerHuman: Creating InputPassPriority for player 2nd Human
21:05:18.550 [INFO ] RemoteClientGuiGame: Sending batch of 22: [GameEventCardStatsChanged, GameEventZone, GameEventZone, GameEventTurnPhase, GameEventZone, GameEventZone, GameEventCardStatsChanged, GameEventCardStatsChanged, GameEventCardChangeZone, GameEventPlayerPriority, GameEventCardStatsChanged, GameEventZone, GameEventZone, GameEventPlayerPriority, GameEventCardStatsChanged, GameEventZone, GameEventZone, GameEventTurnPhase, GameEventPlayerPriority, GameEventCardStatsChanged, GameEventZone, GameEventZone]
21:05:18.552 [TRACE] InputSyncronizedBase: awaitLatchRelease() starting on InputPassPriority, thread = Game-0
21:05:18.560 [INFO ] CompatibleObjectEncoder: Encoded 24059 bytes (compressed) for GuiGameEvent
21:05:18.571 [INFO ] CompatibleObjectEncoder: Encoded 24059 bytes (compressed) for GuiGameEvent
21:05:37.731 [INFO ] Main: [heap] used=152MB free=13MB total=166MB max=384MB
21:05:49.632 [INFO ] FServerManager$DeregisterClientHandler: [Disconnect] Canceling pending replies for disconnected client
21:05:49.637 [INFO ] FServerManager$DeregisterClientHandler: [Disconnect] Client disconnected: index=1, username=Human
21:05:49.638 [INFO ] FServerManager: [Reconnect] Paused RemoteClientGuiGame for slot 1 (2nd Human)
21:05:49.644 [INFO ] FServerManager$DeregisterClientHandler: [Disconnect] Player disconnected mid-game: Human (slot 1). Waiting for reconnect.
21:06:07.733 [INFO ] Main: [heap] used=165MB free=0MB total=166MB max=384MB
21:06:37.738 [INFO ] Main: [heap] used=157MB free=8MB total=166MB max=384MB
